smiles,target
CCCCCCCC(=O)OC[C@H](NC(=O)CN)C(=O)N[C@@H](CO)C(=O)N[C@@H](Cc1ccccc1)C(=O)O,72.0
CCCCCCCC(=O)OC[C@H](NC(=O)CNC(=O)[C@@H](N)CCCNC(=N)N)C(=O)N[C@@H](CO)C(=O)N[C@@H](Cc1ccccc1)C(=O)N[C@@H](CC(C)C)C(=O)N[C@@H](CO)C(=O)N1CCC[C@H]1C(=O)N[C@@H](CCC(=O)O)C(=O)N[C@@H](Cc1cnc[nH]1)C(=O)N[C@@H](CCC(N)=O)C(=O)N[C@@H](CCCCN)C(=O)N[C@@H](C)C(=O)N[C@@H](CCC(N)=O)C(=O)N[C@@H](CCC(N)=O)C(=O)N[C@@H](CCCNC(=N)N)C(=O)N[C@@H](CCCCN)C(=O)N[C@@H](CCC(=O)O)C(=O)N[C@@H](CO)C(=O)N[C@@H](CCCCN)C(=O)N[C@@H](CCCCN)C(=O)N1CCC[C@H]1C(=O)N1CCC[C@H]1C(=O)N[C@@H](C)C(=O)N[C@@H](CCCCN)C(=O)N[C@@H](CC(C)C)C(=O)N[C@@H](CCC(N)=O)C(=O)N1CCC[C@H]1C(=O)O,1.406
CC(C)(N)C(=O)N[C@H](COCc1ccccc1)C(=O)N1CCC2(CC1)CN(S(C)(=O)=O)c1ccccc12,0.8461
NC(=O)CN(CCc1ccccc1)C(=O)[C@@H](Cc1ccc2ccccc2c1)NC(=O)[C@@H](Cc1ccc2ccccc2c1)NC(=O)C1CCNCC1,0.34
CC(C)N(CCNC(=O)C1c2ccc(Oc3cccc(F)c3)cc2CCN1C(=O)OC(C)(C)C)C(C)C,4.3
CC(C)N(CCNC(=O)C1c2ccc(Oc3ccc(Cl)cc3)cc2CCN1C(=O)OC(C)(C)C)C(C)C,0.73
CC(C)N(CCNC(=O)C1c2ccc(Oc3cccc(C(F)(F)F)c3)cc2CCN1C(=O)OC(C)(C)C)C(C)C,1.5
CC(C)N(CCNC(=O)C1c2ccc(Oc3ccc(C(F)(F)F)cc3)cc2CCN1C(=O)OC(C)(C)C)C(C)C,2.3
CC(C)N(CCNC(=O)C1c2ccc(Oc3cccc([N+](=O)[O-])c3)cc2CCN1C(=O)OC(C)(C)C)C(C)C,0.66
COc1cccc(Oc2ccc3c(c2)CCN(C(=O)OC(C)(C)C)C3C(=O)NCCN(C(C)C)C(C)C)c1,0.46
COc1ccc(Oc2ccc3c(c2)CCN(C(=O)OC(C)(C)C)C3C(=O)NCCN(C(C)C)C(C)C)cc1,0.49
CSc1ccc(Oc2ccc3c(c2)CCN(C(=O)OC(C)(C)C)C3C(=O)NCCN(C(C)C)C(C)C)cc1,2.4
CC(C)N(CCNC(=O)C1c2ccc(Oc3ccc(C=O)cc3)cc2CCN1C(=O)OC(C)(C)C)C(C)C,1.4
CC(=O)Nc1cccc(Oc2ccc3c(c2)CCN(C(=O)OC(C)(C)C)C3C(=O)NCCN(C(C)C)C(C)C)c1,12.0
CC(C)N(CCNC(=O)C1c2ccc(OCc3ccccc3)cc2CCN1C(=O)OC(C)(C)C)C(C)C,11.7
CC(C)N(CCNC(=O)C1c2ccc(OCc3ccccc3)cc2CCN1C(=O)CC(C)(C)C)C(C)C,20.9
CC(=O)N1CCc2cc(OCc3ccccc3)ccc2C1C(=O)NCCN(C(C)C)C(C)C,257.0
CC(C)N(CCNC(=O)C1c2ccc(OCc3ccccc3)cc2CCN1C(=O)c1ccccc1)C(C)C,7.6
CC(=O)c1ccccc1C(=O)N1CCc2cc(OCc3ccccc3)ccc2C1C(=O)NCCN(C(C)C)C(C)C,7.3
CC(C)N(CCNC(=O)C1c2ccc(OCc3ccccc3)cc2CCN1C(=O)c1ccccc1F)C(C)C,17.8
CC(C)N(CCNC(=O)C1c2ccc(OCc3ccccc3)cc2CCN1C(=O)Cc1ccccc1)C(C)C,9.0
CC(C)N(CCNC(=O)C1c2ccc(OCc3ccccc3)cc2CCN1C(=O)Cc1ccccc1F)C(C)C,43.0
COc1ccccc1CC(=O)N1CCc2cc(OCc3ccccc3)ccc2C1C(=O)NCCN(C(C)C)C(C)C,2.1
COc1cccc(CC(=O)N2CCc3cc(OCc4ccccc4)ccc3C2C(=O)NCCN(C(C)C)C(C)C)c1,6.4
COc1ccc(CC(=O)N2CCc3cc(OCc4ccccc4)ccc3C2C(=O)NCCN(C(C)C)C(C)C)cc1,45.0
CC(C)N(CCNC(=O)C1c2ccc(OCc3ccccc3)cc2CCN1C(=O)CCc1ccccc1)C(C)C,26.7
CC(C)N(CCNC(=O)C1c2ccc(OCc3ccccc3)cc2CCN1C(=O)CCCc1ccccc1)C(C)C,13.1
CC(C)N(CCNC(=O)C1c2ccc(OCc3ccccc3)cc2CCN1C(=O)C(O)c1ccccc1)C(C)C,39.0
CC(C)N(CCNC(=O)C1c2ccc(OCc3ccccc3)cc2CCN1C(=O)C(CO)c1ccccc1)C(C)C,5.6
CC(C(=O)N1CCc2cc(OCc3ccccc3)ccc2C1C(=O)NCCN(C(C)C)C(C)C)c1ccccc1,3.4
CC(=O)C(C(=O)N1CCc2cc(OCc3ccccc3)ccc2C1C(=O)NCCN(C(C)C)C(C)C)c1ccccc1,9.2
CC(=O)NC(C(=O)N1CCc2cc(OCc3ccccc3)ccc2C1C(=O)NCCN(C(C)C)C(C)C)c1ccccc1,19.7
CC(C)N(CCNC(=O)C1c2ccc(OCc3ccccc3)cc2CCN1C(=O)NC(C)(C)C)C(C)C,14.4
CC(C)N(CCNC(=O)C1c2ccc(OCc3ccccc3)cc2CCN1C(=O)N(C)C)C(C)C,190.0
CC(C)N(CCNC(=O)C1c2ccc(OCc3ccccc3)cc2CCN1C(=O)S(=O)(=O)c1ccccc1)C(C)C,21.0
CC(C)N(CCNC(=O)C1c2ccc(OCc3ccccc3)cc2CCN1C(=O)S(=O)(=O)Cc1ccccc1)C(C)C,7.3
CC(C)N(CCNC(=O)C1c2ccc(OCc3ccccc3)cc2CCN1C(=O)S(=O)(=O)N(C)C)C(C)C,21.0
CCCOC(=O)N1CCc2cc(OCc3ccccc3)ccc2C1C(=O)NCCN(C(C)C)C(C)C,3.4
CC(C)N(CCNC(=O)C1c2ccc(OCc3ccccc3)cc2CCN1C(=O)OC1CCCCC1)C(C)C,4.9
CC(C)N(CCNC(=O)C1c2ccc(OCc3ccccc3)cc2CCN1C(=O)OCc1ccccc1)C(C)C,27.0
COC(=O)C(C)(C)OC(=O)N1CCc2cc(OCc3ccccc3)ccc2C1C(=O)NCCN(C(C)C)C(C)C,1.5
CC(=O)C(C)(C)OC(=O)N1CCc2cc(OCc3ccccc3)ccc2C1C(=O)NCCN(C(C)C)C(C)C,2.0
CC(C)N(CCNC(=O)C1c2ccc(OCc3ccccc3)cc2CCN1C(=O)OC(C)(C)C(=O)N(C)C)C(C)C,0.85
CC(C)N(CCNC(=O)C1c2ccc(OCc3ccccc3)cc2CCN1C(=O)OC(C)(C)C#N)C(C)C,9.8
CC(C)NCCNC(=O)C1c2ccc(OCc3ccccc3)cc2CCN1C(=O)OC(C)(C)C,219.0
CC(C)N(C)CCNC(=O)C1c2ccc(OCc3ccccc3)cc2CCN1C(=O)OC(C)(C)C,41.0
CCN(CC)CCNC(=O)C1c2ccc(OCc3ccccc3)cc2CCN1C(=O)OC(C)(C)C,19.6
CC(C)(CN)CNC(=O)C1c2ccc(OCc3ccccc3)cc2CCN1C(=O)OC(C)(C)C,257.0
CC(C)N(CCNC(=O)C1c2ccc(Oc3ccccc3)cc2CCN1C(=O)OC(C)(C)C)C(C)C,0.47
CC(C)(N)C(=O)N[C@H](COCc1ccccc1)C(=O)N1CCC2(CC1)C[C@@H](O)c1ccccc12,1.3245
CC(C)(N)C(=O)N[C@H](Cc1c[nH]c2ccccc12)C(=O)N1CCC2(CC1)C[C@@H](O)c1ccccc12,0.6013
CC(C)(N)C(=O)N[C@@H]1CCc2ccccc2N(Cc2ccc(-c3ccccc3CNC(=O)NCCO)cc2)C1=O,1.9975
CCNC(=O)NCc1ccccc1-c1ccc(CN2C(=O)[C@H](NC(=O)C(C)(C)N)CCc3ccccc32)cc1,6.013
CNC(=O)NCc1ccccc1-c1ccc(CN2C(=O)[C@H](NC(=O)C(C)(C)N)CCc3ccccc32)cc1,1.0
CCNC(O)[C@@]1(Cc2ccccc2)CCCN(C(=O)[C@@H](Cc2c[nH]c3ccccc23)NC(=O)C(C)(C)N)C1,0.79715
CCOC(=O)[C@@]1(Cc2ccccc2)CCCN(C(=O)[C@@H](Cc2c[nH]c3ccccc23)NC(=O)C(C)(C)N)C1,1.5925
CCOC(=O)[C@@H](CCc1ccccc1)NC(=O)[C@H](Cc1c[nH]c2ccccc12)NC(=O)C(C)(C)N,3.01
CNC(C)(C)C/C=C/C(=O)N(C)[C@H](Cc1ccc2ccccc2c1)C(=O)N(C)CCc1ccccc1OCCO,5.006
CN(CCc1cccs1)C(=O)[C@@H](Cc1ccc(-c2ccccc2)cc1)N(C)C(=O)/C=C/CC(C)(C)N,5.006
CN(CCc1ccccc1NS(C)(=O)=O)C(=O)[C@@H](Cc1ccc2ccccc2c1)N(C)C(=O)/C=C/CC(C)(C)N,18.1
CN(CCc1ccccc1OCCO)C(=O)[C@@H](Cc1ccc2ccccc2c1)N(C)C(=O)/C=C/CC(C)(C)N,5.006
CNC(C)(C)C/C=C/C(=O)N(C)[C@H](Cc1ccc2ccccc2c1)C(=O)N(C)Cc1ccccc1,3.01
CNC(C)(C)C/C=C/C(=O)N(C)[C@H](Cc1ccc2ccccc2c1)C(=O)N(C)CCc1cccs1,0.79715
CN(CCc1cccs1)C(=O)[C@@H](Cc1ccc2ccccc2c1)N(C)C(=O)/C=C/CC(C)(C)N,7.542999999999999
CNC(=O)[C@@H](Cc1ccccc1)N(C)C(=O)[C@@H](Cc1ccc2ccccc2c1)N(C)C(=O)/C=C/CC(C)(C)N,3.01
CC(C)(N)C(=O)N[C@H](COCc1ccccc1)C(=O)N1CCC2=NNC(=O)[C@@]2(Cc2ccccc2)C1,3.01
CCN1N=C2CCN(C(=O)[C@@H](COCc3ccccc3)NC(=O)C(C)(C)N)C[C@]2(Cc2ccccc2)C1=O,3.9905
CN1N=C2CCN(C(=O)[C@@H](COCc3ccccc3)NC(=O)C(C)(C)N)C[C@]2(Cc2ccccc2)C1=O,3.01
CC(C)(N)C(=O)N[C@H](CCc1ccccc1)C(=O)N1CCC2(CC1)CS(=O)(=O)c1ccccc12,6.013
CC(C)(N)C(=O)N[C@H](CCc1ccccc1)C(=O)N1CCC2(CC1)CSc1ccccc12,57.27
CC(C)(N)C(=O)N[C@H](CCc1ccccc1)C(=O)N1CCC2(CCc3ccccc32)CC1,21.94
CC(C)(N)C(=O)N[C@H](COCc1ccccc1)C(=O)N1CCC2(CC1)COc1ccccc12,8.5055
CC(C)(N)C(=O)N[C@H](COCc1ccccc1)C(=O)N1CCC2(CC1)CS(=O)(=O)c1ccccc12,5.006
CC(C)(N)C(=O)N[C@H](COCc1ccccc1)C(=O)N1CCC2(CC1)C[S+](O)c1ccccc12,8.5055
CC(C)(N)C(=O)N[C@H](COCc1ccccc1)C(=O)N1CCC2(CC1)CSc1ccccc12,10.0
CC(C)(N)C(=O)N[C@H](COCc1ccccc1)C(=O)N1CCC2(CCc3ccccc32)CC1,16.8
CC(C)(N)C(=O)N[C@H](CCCc1ccccc1)C(=O)N1CCC2(CC1)COc1ccccc12,2.696
CC(C)(N)C(=O)N[C@H](CCCc1ccccc1)C(=O)N1CCC2(CC1)CS(=O)(=O)c1ccccc12,1.098
CC(C)(N)C(=O)N[C@H](CCCc1ccccc1)C(=O)N1CCC2(CC1)C[S+](O)c1ccccc12,2.256
CC(C)(N)C(=O)N[C@H](CCCc1ccccc1)C(=O)N1CCC2(CC1)CSc1ccccc12,4.792999999999999
CC(C)(N)C(=O)N[C@H](CCCc1ccccc1)C(=O)N1CCC2(CCc3ccccc32)CC1,10.0
CC(C)(N)C(=O)N[C@H](Cc1c[nH]c2ccccc12)C(=O)N1CCC2(CC1)CS(=O)(=O)c1ccccc12,2.0945
CC(C)(N)C(=O)N[C@H](Cc1c[nH]c2ccccc12)C(=O)N1CCC2(CC1)CSc1ccccc12,5.6115
CC(C)(N)C(=O)N[C@H](Cc1c[nH]c2ccccc12)C(=O)N1CCC2(CCc3ccccc32)CC1,14.065
COc1cccc(Cn2c(CCc3c[nH]c4ccccc34)nnc2[C@@H](Cc2c[nH]c3ccccc23)NC(=O)C(C)(C)N)c1,4.0
COc1cccc(Cn2c(CCCc3c[nH]c4ccccc34)nnc2[C@@H](Cc2c[nH]c3ccccc23)NC(=O)C(C)(C)N)c1,18.0
COc1cccc(Cn2c(CCc3ccccc3)nnc2[C@@H](Cc2c[nH]c3ccccc23)NC(=O)C(C)(C)N)c1,45.0
COc1ccccc1Cn1c(CCc2ccccc2)nnc1[C@@H](Cc1c[nH]c2ccccc12)NC(=O)C(C)(C)N,98.0
CC(C)(N)C(=O)N[C@H](Cc1c[nH]c2ccccc12)c1nnc(CCc2c[nH]c3ccccc23)n1Cc1ccccc1,64.0
CC(C)(N)C(=O)N[C@H](Cc1c[nH]c2ccccc12)c1nnc(CCCc2c[nH]c3ccccc23)n1Cc1ccccc1,49.0
CC(C)(N)C(=O)N[C@H](Cc1c[nH]c2ccccc12)c1nnc(CCc2c[nH]c3ccccc23)n1Cc1ccc(F)cc1,210.0
CC(C)(N)C(=O)N[C@H](Cc1c[nH]c2ccccc12)c1nnc(CCCc2c[nH]c3ccccc23)n1CCc1ccccc1,15.0
CC(C)(N)C(=O)N[C@H](Cc1c[nH]c2ccccc12)c1nnc(CCCc2c[nH]c3ccccc23)n1CCc1c[nH]c2ccccc12,140.0
Cc1ccc(Cn2c(CCCc3ccccc3)nnc2[C@@H](Cc2c[nH]c3ccccc23)NC(=O)C(C)(C)N)cc1,12.0
Cc1ccc(Cn2c(CCc3c[nH]c4ccccc34)nnc2[C@@H](Cc2c[nH]c3ccccc23)NC(=O)C(C)(C)N)cc1,630.0
CCc1ccc(Cn2c(CCc3ccccc3)nnc2[C@@H](Cc2c[nH]c3ccccc23)NC(=O)C(C)(C)N)cc1,11.0
CC(C)(N)C(=O)N[C@H](Cc1c[nH]c2ccccc12)c1nnc(CCc2ccccc2)n1Cc1ccco1,23.0
CC(C)(N)C(=O)N[C@H](Cc1c[nH]c2ccccc12)c1nnc(CCc2c[nH]c3ccccc23)n1-c1ccccc1,41.0
Cc1ccccc1-c1nc2ccc(Oc3ccc(F)cc3)cc2c(=O)n1CC1CCCNC1,6.5
CC(C)C[C@H](N)c1cc(C(F)(F)F)ccc1N1CCN(C(=O)[C@@H](Cc2ccc(Cl)cc2)N2CCCC2=O)CC1,4100.0
CC(C)C[C@H](NCCN)c1cccc(F)c1N1CCN(C(=O)[C@@H](Cc2ccc(Cl)cc2Cl)N2CCCC2=O)CC1,79.0
COC(=O)CCn1nnnc1[C@@H](COCc1ccccc1)NC(=O)C(C)(C)N,43.0
COC(=O)CCn1nnnc1[C@@H](Cc1c[nH]c2ccccc12)NC(=O)C(C)(C)N,200.0
CCCCNC(=O)CCn1nnnc1[C@@H](CCc1ccccc1)NC(=O)C(C)(C)N,49.0
CC(C)(N)C(=O)N[C@H](COCc1ccccc1)c1nnnn1CCC(=O)NCCCc1ccccc1,59.0
CC(C)(N)C(=O)N[C@H](COCc1ccccc1)c1nnnn1CCC(=O)NCCc1ccccc1,27.0
CC(C)(N)C(=O)N[C@H](COCc1ccccc1)c1nnnn1CCC(=O)NCc1ccccc1,51.0
CCCCNC(=O)CCCn1nnnc1[C@@H](COCc1ccccc1)NC(=O)C(C)(C)N,30.0
CCCCNC(=O)CCn1nnnc1[C@@H](COCc1ccccc1)NC(=O)C(C)(C)N,42.0
COC(=O)CCCn1nnnc1[C@@H](COCc1ccccc1)NC(=O)C(C)(C)N,55.0
CC(C)(N)C(=O)N[C@H](COCc1ccccc1)c1nnn(Cc2ccccc2NS(C)(=O)=O)n1,426.0
CC(C)(N)C(=O)N[C@H](COCc1ccccc1)c1nnnn1Cc1ccccc1NS(C)(=O)=O,390.0
CC(C)(N)C(=O)N[C@H](COCc1ccccc1)c1nnn(Cc2cccc(NS(C)(=O)=O)c2)n1,868.0
CC(C)(N)C(=O)N[C@H](COCc1ccccc1)c1nnnn1Cc1cccc(NS(C)(=O)=O)c1,116.0
CC(C)(N)C(=O)N[C@H](COCc1ccccc1)c1nnn(Cc2ccc(NS(C)(=O)=O)cc2)n1,986.0
CC(C)(N)C(=O)N[C@H](COCc1ccccc1)c1nnnn1Cc1ccc(NS(C)(=O)=O)cc1,259.0
CC(C)(N)C(=O)N[C@H](COCc1ccccc1)c1nnn(Cc2ccccc2)n1,1120.0
CC(C)(N)C(=O)N[C@H](COCc1ccccc1)c1nnnn1Cc1ccccc1,99.0
CC(C)(N)C(=O)N[C@H](COCc1ccccc1)c1nnn(C/C=C/c2ccccc2)n1,517.0
CC(C)(N)C(=O)N[C@H](COCc1ccccc1)c1nnnn1C/C=C/c1ccccc1,12.0
CC(C)(N)C(=O)N[C@H](COCc1ccccc1)c1nnnn1CCCc1ccccc1,17.0
CC(C)(N)C(=O)N[C@H](COCc1ccccc1)c1nnn(CC2Cc3ccccc3N2S(C)(=O)=O)n1,546.0
CC(C)(N)C(=O)N[C@H](COCc1ccccc1)c1nnnn1CC1CN(S(C)(=O)=O)c2ccccc21,147.0
CC(C)(N)C(=O)N[C@H](COCc1ccccc1)c1nnn(CCc2ccccc2NS(C)(=O)=O)n1,4110.0
CC(C)(N)C(=O)N[C@H](COCc1ccccc1)c1nnnn1CCc1ccccc1NS(C)(=O)=O,67.0
COC(=O)C(c1ccccc1)n1nnc([C@@H](COCc2ccccc2)NC(=O)C(C)(C)N)n1,3170.0
COC(=O)C(c1ccccc1)n1nnnc1[C@@H](COCc1ccccc1)NC(=O)C(C)(C)N,20.0
CC(C)(N)C(=O)N[C@H](COCc1ccccc1)c1nnn(CCc2cc3ccccc3n2S(C)(=O)=O)n1,150.0
CC(C)(N)C(=O)N[C@H](COCc1ccccc1)c1nnnn1CCc1cc2ccccc2n1S(C)(=O)=O,4.0
CC(C)(N)C(=O)N[C@H](COCc1ccccc1)c1nnn(CCCc2ccccc2NS(C)(=O)=O)n1,107.0
CN(c1ccccc1CCCn1nnnc1[C@@H](COCc1ccccc1)NC(=O)C(C)(C)N)S(C)(=O)=O,14.0
CC(C)(N)C(=O)N[C@H](COCc1ccccc1)c1nnnn1CCC#N,30.0
CC(C)(N)C(=O)N[C@H](COCc1ccccc1)c1nnn(CC#N)n1,1520.0
CC(C)(N)C(=O)N[C@H](COCc1ccccc1)c1nnnn1CC#N,29.0
CC(C)(N)C(=O)N[C@H](COCc1ccccc1)c1nnn(CCCCC#N)n1,1860.0
CC(C)(N)C(=O)N[C@H](COCc1ccccc1)c1nnnn1CCCCC#N,35.0
CC(C)(N)C(=O)N[C@H](COCc1ccccc1)c1nnnn1CCCCCNC(=O)OCc1ccccc1,10.0
CC(C)(N)C(=O)N[C@H](COCc1ccccc1)c1nnnn1CCc1nnn[nH]1,347.0
CC(C)(N)C(=O)N[C@H](COCc1ccccc1)c1nnnn1CCCCCNS(C)(=O)=O,75.0
COc1ccc(CN2C([C@@H](Cc3c[nH]c4ccccc34)NC(=O)C3CCCCC3)=NNC2CCc2ccccc2)cc1,390.0
CCc1ccc(CN2C([C@@H](Cc3c[nH]c4ccccc34)NC(=O)C3CNCCN3)=NNC2CCc2ccccc2)cc1,143.0
COc1ccc(CN2C([C@@H](Cc3c[nH]c4ccccc34)NC(=O)C3CNCCN3)=NNC2CCc2ccccc2)c(OC)c1,19.6
COc1ccc(CN2C([C@@H](Cc3c[nH]c4ccccc34)NC(=O)C3CNCCN3)=NNC2CCc2ccccc2)cc1,12.0
COc1ccc(CN2C([C@@H](Cc3c[nH]c4ccccc34)NC(=O)C3CNCCN3)=NNC2CCc2c[nH]c3ccccc23)cc1,8.7
O=C(N[C@H](Cc1c[nH]c2ccccc12)C1=NNC(CCc2ccccc2)N1Cc1ccco1)C1CCNCC1,183.0
COc1ccc(N2C([C@@H](Cc3c[nH]c4ccccc34)NC(=O)C3CCNCC3)=NNC2CCc2ccccc2)c(OC)c1,14.0
CCc1ccc(Cn2c(CCc3ccccc3)nnc2[C@@H](Cc2c[nH]c3ccccc23)NC(=O)C2CCNCC2)cc1,7.7
CCc1ccc(-n2c(CCc3c[nH]c4ccccc34)nnc2[C@@H](Cc2c[nH]c3ccccc23)NC(=O)C2CCNCC2)cc1,15.0
O=C(N[C@H](Cc1c[nH]c2ccccc12)c1nnc(CCc2c[nH]c3ccccc23)n1-c1ccccc1)C1CCNCC1,2.3
O=C(N[C@H](Cc1c[nH]c2ccccc12)c1nnc(CCc2c[nH]c3ccccc23)n1Cc1ccccc1)C1CCNCC1,5.4
COc1ccc(CN2C([C@@H](Cc3c[nH]c4ccccc34)NC(=O)C3CCNCC3)=NNC2CCc2ccccc2)c(OC)c1,6.1
COc1ccc(Cn2c(CCc3c[nH]c4ccccc34)nnc2[C@@H](Cc2c[nH]c3ccccc23)NC(=O)C2CCNCC2)c(OC)c1,0.6
COc1ccc(CN2C([C@@H](Cc3c[nH]c4ccccc34)NC(=O)C3CCNCC3)=NNC2CCc2ccccc2)cc1,1.6
COc1ccc(Cn2c(CCc3c[nH]c4ccccc34)nnc2[C@@H](Cc2c[nH]c3ccccc23)NC(=O)C2CCNCC2)cc1,3.0
COc1ccc(Cn2c(CCc3ccccc3)nnc2[C@@H](Cc2c[nH]c3ccccc23)NC(=O)[C@@H]2CCCNC2)cc1,36.0
COc1ccc(Cn2c(CCc3c[nH]c4ccccc34)nnc2[C@@H](Cc2c[nH]c3ccccc23)NC(=O)[C@H]2CCCNC2)cc1,2.5
O=C(N[C@H](Cc1c[nH]c2ccccc12)c1nnc(CCc2c[nH]c3ccccc23)n1Cc1ccccc1)C1CCCNC1,9.9
COc1ccc(Cn2c(CCc3c[nH]c4ccccc34)nnc2[C@@H](Cc2c[nH]c3ccccc23)NC(=O)C2CCCNC2)c(OC)c1,5.3
COc1ccc(CN2C([C@@H](Cc3c[nH]c4ccccc34)NC(=O)CCN)=NNC2CCc2ccccc2)cc1,256.0
COc1ccc(Cn2c(CCc3ccccc3)nnc2[C@@H](Cc2c[nH]c3ccccc23)NCCN)c(OC)c1,279.0
CC(C)(N)C(=O)N[C@H](COCc1ccccc1)c1nnnn1CCOC(=O)NCCCCO,1.91
CC(C)(N)C(=O)N[C@H](COCc1ccccc1)c1nnnn1CCOC(=O)NCCCn1ccnc1,45.3
CC(C)(N)C(=O)N[C@H](COCc1ccccc1)c1nnnn1CCOC(=O)NC[C@H]1CCCO1,9.5
CC(C)(N)C(=O)N[C@H](COCc1ccccc1)c1nnnn1CCOC(=O)NCCc1cccc(O)c1,7.9
CC(=O)N[C@@H]1CCN(C(=O)OCCn2nnnc2[C@@H](COCc2ccccc2)NC(=O)C(C)(C)N)C1,3.3
CC(=O)NCCCCNC(=O)OCCn1nnnc1[C@@H](COCc1ccccc1)NC(=O)C(C)(C)N,82.5
CC1(O)CCN(C(=O)OCCn2nnnc2[C@@H](COCc2ccccc2)NC(=O)C(C)(C)N)C1,10.1
CC(C)(N)C(=O)N[C@H](COCc1ccccc1)c1nnnn1CCOC(=O)N1CC[C@@H](O)C1,1.0
CN(CCCCO)C(=O)OCCn1nnnc1[C@@H](COCc1ccccc1)NC(=O)C(C)(C)N,3.8
CC(C)(N)C(=O)N[C@H](COCc1ccccc1)c1nnnn1CCOC(=O)NCCCCCO,14.6
CC(C)(N)C(=O)N[C@H](COCc1ccccc1)c1nnnn1CCOC(=O)NCCCO,5.5
CC(C)(N)C(=O)N[C@H](COCc1ccccc1)c1nnnn1CCOC(=O)NCCO,3.0
CC(C)C[C@H](NC(=O)CCN(C)C)c1cc(Cl)ccc1N1CCN(C(=O)[C@H](C)Cc2ccc(Cl)cc2)CC1,720.0
CNC(C)(C)C/C=C/C(=O)N(C)[C@H](Cc1ccc2ccccc2c1)C(=O)N(C)CCc1ccccc1,3.01
NC(=O)[C@@H](NC(=O)[C@@H](Cc1ccc2ccccc2c1)NC(=O)[C@@H](Cc1ccc2ccccc2c1)NC(=O)C1CCNCC1)c1ccccc1,0.2809
O=C(N[C@H](Cc1ccc2ccccc2c1)C(=O)N[C@@H](CO)Cc1ccc2ccccc2c1)C1CCNCC1,1.81
O=C(N[C@H](Cc1ccc2ccccc2c1)C(=O)N[C@@H](CO)Cc1c[nH]c2ccccc12)C1CCNCC1,10.0
NCCCCNC(=O)[C@@H](Cc1ccc2ccccc2c1)NC(=O)[C@@H](Cc1ccc2ccccc2c1)NC(=O)C1CCNCC1,16.990000000000002
CCN(CC)CCN1C(=O)[C@@](O)(c2ccc3ccccc3c2)c2c1cc(C(N)=O)cc2C(F)(F)F,18.1
CCN(CC)CCN1C(=O)[C@@](O)(c2ccc3ccccc3c2)c2c1cc(C#CCCC(=O)N(C)C)cc2C(F)(F)F,30.1
CCN(CC)CCN1C(=O)[C@@](O)(c2ccc3ccccc3c2)c2c1cc(C#CCCC(=O)N1CCOCC1)cc2C(F)(F)F,30.1
CCN(CC)CCN1C(=O)[C@@](O)(c2ccc3ccccc3c2)c2c(Br)cccc21,77.31
CC(C)(N)C(=O)N[C@H](CCCc1ccccc1)C(=O)N1CCN(c2ccccc2NS(=O)(=O)CC(=O)O)CC1,2.2955
COC(=O)CS(=O)(=O)Nc1ccccc1N1CCN(C(=O)[C@@H](CCCc2ccccc2)NC(=O)C(C)(C)N)CC1,4.483499999999999
CC(C)S(=O)(=O)Nc1ccccc1N1CCN(C(=O)[C@@H](CCCc2ccccc2)NC(=O)C(C)(C)N)CC1,2.809
CC(C)(N)C(=O)N[C@H](CCCc1ccccc1)C(=O)N1CCN(c2ccccc2NS(C)(=O)=O)CC1,6.305
NCC(O)CNC(=O)[C@@H](Cc1cccc2ccccc12)NC(=O)CCCN1C(=O)CCSc2ccccc21,1.4975
NCCNC(=O)[C@@H](Cc1cccc2ccccc12)NC(=O)CCN1C(=O)CCS(=O)(=O)c2ccccc21,8.013
CCNC(=O)[C@]1(Cc2ccccc2)CCCN(C(=O)[C@@H](Cc2c[nH]c3ccccc23)NC(=O)C(C)(C)N)C1,0.79715
CCOC(=O)[C@]1(Cc2ccccc2)CCCN(C(=O)[C@@H](Cc2c[nH]c3ccccc23)NC(=O)C(C)(C)N)C1,1.5925
CCOC(=O)[C@@H](CCc1ccccc1)NC(=O)[C@@H](Cc1c[nH]c2ccccc12)NC(=O)C(C)(C)N,3.01
CCOc1ccc(CC(=O)N2CCc3cc(OC)c(N4C[C@H](C)N(C)[C@H](C)C4)cc32)cc1Cl,158.49
COc1cc2c(cc1N1CCNC(C)(C)C1)N(S(=O)(=O)c1ccc(-c3ccccn3)s1)CC2,15.85
COc1cc2c(cc1N1C[C@@H](C)NC(C)(C)C1)N(S(=O)(=O)c1ccc(-c3ccccn3)s1)CC2,10.0
COc1cc2c(cc1N1C[C@H](C)NC(C)(C)C1)N(S(=O)(=O)c1ccc(-c3ccccn3)s1)CC2,0.7943
COc1cc2c(cc1N1CCNCC1)N(S(=O)(=O)c1ccc(-c3ccccn3)s1)CC2,63.1
COc1cc2c(cc1N1CCN[C@H](C)C1)N(S(=O)(=O)c1ccc(-c3ccccn3)s1)CC2,3.981
COc1cc2c(cc1N1CCN[C@@H](C)C1)N(S(=O)(=O)c1ccc(-c3ccccn3)s1)CC2,3.162
COc1cc2c(cc1N1C[C@H](C)N[C@H](C)C1)N(S(=O)(=O)c1ccc(-c3ccon3)s1)CC2,2.512
COc1cc2c(cc1N1C[C@H](C)N[C@H](C)C1)N(S(=O)(=O)c1ccc(-c3ccccn3)s1)CC2,0.1585
COc1cc2c(cc1N1C[C@H](C)N[C@H](C)C1)N(S(=O)(=O)c1cccc(-c3ccccn3)c1)CC2,19.95
COc1cc2c(cc1N1C[C@H](C)N[C@H](C)C1)N(S(=O)(=O)c1ccc(-c3ccccn3)cc1)CC2,0.1995
COc1cc2c(cc1N1C[C@H](C)N[C@H](C)C1)N(S(=O)(=O)CCc1ccccc1Cl)CC2,5.012
COc1cc2c(cc1N1C[C@H](C)N[C@H](C)C1)N(S(=O)(=O)Cc1cccc(I)c1)CC2,31.62
COc1cc2c(cc1N1C[C@H](C)N[C@H](C)C1)N(S(=O)(=O)c1ccc3ccccc3c1)CC2,0.5012
COc1cc2c(cc1N1C[C@H](C)N(C)[C@H](C)C1)N(S(=O)(=O)c1ccc3ccccc3c1)CC2,39.81
COc1cc2c(cc1N1C[C@H](C)N(C)[C@H](C)C1)N(S(=O)(=O)c1cccc(Br)c1)CC2,125.89
COc1ccc(Cn2c(CCc3ccccc3)nnc2[C@H](NC(=O)c2ccccc2)c2c[nH]c3ccccc23)c(OC)c1,16.0
COc1ccc(Cn2c(CCc3c[nH]c4ccccc34)nnc2[C@H](Cc2c[nH]c3ccccc23)NC(=O)OC2CCOCC2)cc1,24.0
COc1ccc(Cn2c(CCc3c[nH]c4ccccc34)nnc2[C@@H](Cc2c[nH]c3ccccc23)NC(=O)OC2CCOCC2)cc1,24.0
COc1ccc(Cn2c(CCc3c[nH]c4ccccc34)nnc2[C@H](Cc2c[nH]c3ccccc23)NC(=O)Oc2ccccn2)cc1,1580.0
COc1ccc(Cn2c(CCc3c[nH]c4ccccc34)nnc2[C@@H](Cc2c[nH]c3ccccc23)NC(=O)Oc2ccccn2)cc1,75.0
COc1ccc(Cn2c(CCc3c[nH]c4ccccc34)nnc2[C@H](Cc2c[nH]c3ccccc23)NC(=O)[C@@H]2CCCN2)cc1,440.0
COc1ccc(Cn2c(CCc3c[nH]c4ccccc34)nnc2[C@@H](Cc2c[nH]c3ccccc23)NC(=O)[C@@H]2CCCN2)cc1,6.0
COc1ccc(Cn2c(CCc3c[nH]c4ccccc34)nnc2[C@H](Cc2c[nH]c3ccccc23)NC(=O)c2ccccn2)cc1,88.0
COc1ccc(Cn2c(CCc3c[nH]c4ccccc34)nnc2[C@@H](Cc2c[nH]c3ccccc23)NC(=O)c2ccccn2)cc1,12.0
COc1ccc(Cn2c(CCc3c[nH]c4ccccc34)nnc2[C@H](Cc2c[nH]c3ccccc23)NC(=O)C2CCNCC2)cc1,32.0
Cc1noc(C)c1-c1ccccc1COC[C@@H](NC(=O)C(C)(C)N)c1nnnn1CCOC(=O)NCCCCO,1.04
CC(C)(N)C(=O)N[C@H](COCc1ccccc1-c1cccnc1)c1nnnn1CCOC(=O)NCCCCO,1.18
CC(C)(N)C(=O)N[C@H](COCc1ccccc1-c1ccccc1)c1nnnn1CCOC(=O)NCCCCO,0.34
CC(C)(N)C(=O)N[C@H](COCC1CCCCC1)c1nnnn1CCOC(=O)NCCCCO,1.66
COc1ccccc1COC[C@@H](NC(=O)C(C)(C)N)c1nnnn1CCOC(=O)NCCCCO,1.11
Cc1ccccc1COC[C@@H](NC(=O)C(C)(C)N)c1nnnn1CCOC(=O)NCCCCO,0.51
CC(C)(N)C(=O)N[C@H](COCc1ccccc1C#N)c1nnnn1CCOC(=O)NCCCCO,1.26
CC(C)(N)C(=O)N[C@H](COCc1ccc(OC(F)(F)F)cc1)c1nnnn1CCOC(=O)NCCCCO,33.2
CC(C)(N)C(=O)N[C@H](COCc1cccc(OC(F)(F)F)c1)c1nnnn1CCOC(=O)NCCCCO,3.1
CC(C)(N)C(=O)N[C@H](COCc1cc(C(F)(F)F)cc(C(F)(F)F)c1)c1nnnn1CCOC(=O)NCCCCO,34.0
CC(C)(N)C(=O)N[C@H](COCc1cccc(C(F)(F)F)c1)c1nnnn1CCOC(=O)NCCCCO,1.79
CC(C)(N)C(=O)N[C@H](COCc1ccccc1C(F)(F)F)c1nnnn1CCOC(=O)NCCCCO,0.72
CC(C)(N)C(=O)N[C@H](COCc1cc(Cl)cc(Cl)c1)c1nnnn1CCOC(=O)NCCCCO,6.75
CC(C)(N)C(=O)N[C@H](COCc1cccc(Cl)c1Cl)c1nnnn1CCOC(=O)NCCCCO,0.61
CC(C)(N)C(=O)N[C@H](COCc1cccc(Cl)c1)c1nnnn1CCOC(=O)NCCCCO,1.6
CC(C)(N)C(=O)N[C@H](COCc1ccc(F)cc1F)c1nnnn1CCOC(=O)NCCCCO,0.42
CC(C)(N)C(=O)N[C@H](COCc1ccccc1Cl)c1nnnn1CCOC(=O)NCCCCO,0.45
CC(C)(N)C(=O)N[C@H](COCc1ccccc1)c1nnnn1[C@@H](CC#N)COc1ccccc1O,23.0
CC(C)(N)C(=O)N[C@H](COCc1ccccc1)c1nnnn1[C@H](CC#N)COc1ccccc1O,0.3
CC(C)(N)C(=O)N[C@H](COCc1ccccc1)c1nnnn1[C@@H](CC#N)COc1ccccn1,19.0
CC(C)(N)C(=O)N[C@H](COCc1ccccc1)c1nnnn1[C@H](CC#N)COc1ccccn1,0.4
CC(C)(N)C(=O)N[C@H](COCc1ccccc1)c1nnnn1[C@@H](CC#N)COc1ccccc1,19.0
CC(C)(N)C(=O)N[C@H](COCc1ccccc1)c1nnnn1[C@H](CC#N)COc1ccccc1,0.4
CC(C)(N)C(=O)N[C@H](COCc1ccccc1)c1nnn(CCC(C#N)c2ccccc2)n1,302.0
CC(C)(N)C(=O)N[C@H](COCc1ccccc1)c1nnnn1CCC(C#N)c1ccccc1,27.0
CC(C)(N)C(=O)N[C@H](COCc1ccccc1)c1nnn(CC(C#N)Cc2ccccc2)n1,2470.0
CC(C)(N)C(=O)N[C@H](COCc1ccccc1)c1nnnn1CC(C#N)Cc1ccccc1,22.0
COc1ccc(NS(=O)(=O)c2ccc(-c3ccccn3)s2)cc1N1C[C@H](C)N[C@H](C)C1,15.85
COc1ccc(N2C[C@H](C)N[C@H](C)C2)cc1NS(=O)(=O)c1ccc(OCc2ccccc2)cc1,100.0
COc1ccc(N2C[C@H](C)N[C@H](C)C2)cc1NS(=O)(=O)c1ccc(Oc2ccccc2)cc1,63.1
COc1ccc(N2C[C@H](C)N[C@H](C)C2)cc1NS(=O)(=O)c1cccc(-c2ccccc2)c1,158.49
COc1ccc(N2C[C@H](C)N[C@H](C)C2)cc1NS(=O)(=O)c1cccc(-c2ccco2)c1,19.95
COc1ccc(N2C[C@H](C)N[C@H](C)C2)cc1NS(=O)(=O)c1ccc(-c2cccs2)cc1F,1.995
COc1ccc(N2C[C@H](C)N[C@H](C)C2)cc1NS(=O)(=O)c1ccc(-c2cccs2)cc1Cl,0.7943
COc1ccc(N2C[C@H](C)N[C@H](C)C2)cc1NS(=O)(=O)c1ccc(-c2ccc(C)o2)cc1,0.7943
COc1ccc(N2C[C@H](C)N[C@H](C)C2)cc1NS(=O)(=O)c1ccc(-c2ccco2)cc1,3.981
COc1ccc(N2C[C@H](C)N[C@H](C)C2)cc1NS(=O)(=O)c1ccc(-c2cccs2)cc1,3.981
COc1ccc(N2C[C@H](C)N[C@H](C)C2)cc1NS(=O)(=O)c1ccc(-n2cccn2)cc1,15.85
COc1ccc(N2C[C@H](C)N[C@H](C)C2)cc1NS(=O)(=O)c1ccc(N2CCCC2=O)cc1,39.81
COc1ccc(N2C[C@H](C)N[C@H](C)C2)cc1NS(=O)(=O)c1ccc(-c2cncnc2)cc1,316.23
COc1ccc(N2C[C@H](C)N[C@H](C)C2)cc1NS(=O)(=O)c1ccc(-c2ccncc2)cc1,316.23
COc1ccc(N2C[C@H](C)N[C@H](C)C2)cc1NS(=O)(=O)c1ccc(-c2cnco2)s1,2.512
COc1ccc(N2C[C@H](C)N[C@H](C)C2)cc1NS(=O)(=O)c1ccc(-c2cc(Cl)ccc2F)cc1,0.5012
COc1cccc(-c2ccc(S(=O)(=O)Nc3cc(N4C[C@H](C)N[C@H](C)C4)ccc3OC)cc2)c1,1.995
COc1ccc(F)c(-c2ccc(S(=O)(=O)Nc3cc(N4C[C@H](C)N[C@H](C)C4)ccc3OC)cc2)c1,0.3981
COc1ccc(N2C[C@H](C)N[C@H](C)C2)cc1NS(=O)(=O)c1ccc(-c2ccccc2)cc1,6.31
COc1ccc(N2C[C@H](C)N[C@H](C)C2)cc1NS(=O)(=O)c1ccc(Br)cc1,125.89
C[C@H]1CN(c2ccc(C(=O)N(C)C)c(NS(=O)(=O)c3ccc(-c4ccccn4)s3)c2)C[C@@H](C)N1,794.33
CC(=O)c1ccc(N2C[C@H](C)N[C@H](C)C2)cc1NS(=O)(=O)c1ccc(-c2ccccn2)s1,39.81
C[C@H]1CN(c2ccc(F)c(NS(=O)(=O)c3ccc(-c4ccccn4)s3)c2)C[C@@H](C)N1,100.0
C[C@H]1CN(c2ccc(Cl)c(NS(=O)(=O)c3ccc(-c4ccccn4)s3)c2)C[C@@H](C)N1,39.81
CC(C)Oc1ccc(N2C[C@H](C)N[C@H](C)C2)cc1NS(=O)(=O)c1ccc(-c2ccccn2)s1,100.0
CCOc1ccc(N2C[C@H](C)N[C@H](C)C2)cc1NS(=O)(=O)c1ccc(-c2ccccn2)s1,39.81
COc1ccc(N2C[C@H](C)N[C@H](C)C2)cc1NS(=O)(=O)c1ccc(-c2ccccn2)s1,10.0
C[C@H]1CN(c2cc(NS(=O)(=O)c3ccc(-c4ccccn4)s3)ccc2C#N)C[C@@H](C)N1,630.96
C[C@H]1CN(c2cccc(NS(=O)(=O)c3ccc(-c4ccccn4)s3)c2)C[C@@H](C)N1,39.81
CC(C)(N)C(=O)N[C@H](COCc1ccccc1)c1nnnn1CCOc1cccc(C(=O)NCCO)c1,8.4
CC(C)(N)C(=O)N[C@H](COCc1ccccc1)c1nnnn1CCOc1ccccc1C(=O)NCCCCO,0.9
CC(C)(N)C(=O)N[C@H](COCc1ccccc1)c1nnnn1CCOc1cccc(C(=O)NCCCCO)c1,3.0
CC(C)(N)C(=O)N[C@H](COCc1ccccc1)c1nnnn1CCOc1ccccc1C(=O)NCCO,11.0
CC(C)(N)C(=O)N[C@H](COCc1ccccc1)c1nnnn1CCNC(=O)CCc1cccc(O)c1,0.64
CC(C)(N)C(=O)N[C@H](COCc1ccccc1)c1nnnn1CCNC(=O)CCS(C)(=O)=O,14.7
CC(C)(N)C(=O)N[C@H](COCc1ccccc1)c1nnnn1CCNC(=O)CCCCO,4.4
CC(C)(N)C(=O)N[C@H](COCc1ccccc1)c1nnnn1CCCC(=O)N[C@H]1CC[C@H](O)CC1,521.0
CC(C)(N)C(=O)N[C@H](COCc1ccccc1)c1nnnn1CCCC(=O)NCCc1cccc(S(=O)(=O)CCO)c1,105.0
CN(CCc1cccc(S(=O)(=O)CCO)c1)C(=O)CCCn1nnnc1[C@@H](COCc1ccccc1)NC(=O)C(C)(C)N,2.9
CC(C)(N)C(=O)N[C@H](COCc1ccccc1)c1nnnn1CCCC(=O)NCCc1cccc(O)c1,0.2
CN(CCc1cccc(O)c1)C(=O)CCCn1nnnc1[C@@H](COCc1ccccc1)NC(=O)C(C)(C)N,3.1
CC(C)(N)C(=O)N[C@H](COCc1ccccc1)c1nnnn1CCCC(=O)NCCS(=O)(=O)CCO,0.2
CC(C)(N)C(=O)N[C@H](COCc1ccccc1)c1nnnn1CCCC(=O)NCCSCCO,0.2
CC(C)(N)C(=O)N[C@H](COCc1ccccc1)c1nnnn1CCCC(=O)NCCOCCO,0.7
CC(C)(N)C(=O)N[C@H](COCc1ccccc1)c1nnnn1CCCC(=O)NCCCCCCO,0.6
CC(C)(N)C(=O)N[C@H](COCc1ccccc1)c1nnnn1CCCC(=O)NCCCCCO,1.3
CC(C)(N)C(=O)N[C@H](COCc1ccccc1)c1nnnn1CCCC(=O)NCCCCO,1.8
CC(C)(N)C(=O)N[C@H](COCc1ccccc1)c1nnnn1CCCC(=O)NCCCO,27.0
CC(C)(N)C(=O)N[C@H](COCc1ccccc1)c1nnnn1CCCC(=O)NCCO,40.0
CC(C)(N)C(=O)N[C@H](COCc1ccccc1)c1nnnn1CCCC(=O)NCCN1CCNC1=O,3.3
CC(C)(N)C(=O)N[C@H](COCc1ccccc1)c1nnnn1CCCC(=O)NCCC(=O)O,204.0
CCOC(=O)CCNC(=O)CCCn1nnnc1[C@@H](COCc1ccccc1)NC(=O)C(C)(C)N,140.0
CC(C)(N)C(=O)N[C@H](COCc1ccccc1)c1nnnn1CCCC(=O)NCCC(N)=O,7.6
CC(C)(N)C(=O)N[C@H](COCc1ccccc1)c1nnnn1CCCC(=O)NCCS(N)(=O)=O,1.4
CC(C)(N)C(=O)N[C@H](COCc1ccccc1)c1nnnn1CCCC(=O)NCCS(C)(=O)=O,4.1
CC(C)(N)C(=O)N[C@H](COCc1ccccc1)c1nnnn1CCCC(=O)NCCCc1ccccc1,33.0
CC(C)(N)C(=O)N[C@H](COCc1ccccc1)c1nnnn1CCCC(=O)NCCc1ccccc1,23.0
CC(C)(N)C(=O)N[C@H](COCc1ccccc1)c1nnnn1CCCC(=O)NCc1ccccc1,32.0
CC(C)(N)C(=O)N[C@H](COCc1ccccc1)c1nnnn1CCCC(=O)Nc1ccccc1,70.0
CC(C)(N)C(=O)N[C@H](COCc1ccccc1)c1nnnn1CCCC(=O)NCC(F)(F)F,26.0
CC(=O)Nc1ccc(N(C[C@H]2CCCN2)C(=O)COc2ccccc2)cc1,2000.0
COc1c(-c2ccccc2)cccc1N(C[C@H]1CCCN1)C(=O)COc1ccccc1,5000.0
CC(Oc1ccccc1)C(=O)N(C[C@H]1CCCN1)c1ccccc1,440.0
CC(=O)Nc1ccc(N(C[C@H]2CCCN2)C(=O)C(C)Oc2ccccc2)cc1,330.0
CC(Oc1ccccc1)C(=O)N(C[C@H]1CCCN1)c1ccc(CC#N)cc1,9000.0
COc1cccc(N(C[C@H]2CCCN2)C(=O)C(C)Oc2ccccc2)c1,4000.0
CSc1cccc(N(C[C@H]2CCCN2)C(=O)C(C)Oc2ccccc2)c1,2000.0
CC(Oc1ccccc1)C(=O)N(Cc1ccccc1)C[C@H]1CCCN1,90.0
CCC(Oc1ccccc1)C(=O)N(C[C@H]1CCCN1)c1ccc(NC(C)=O)cc1,4000.0
CCC(Oc1ccccc1)C(=O)N(C[C@H]1CCCN1)c1ccc(CC#N)cc1,14000.0
CCC(Oc1ccccc1)C(=O)N(Cc1ccccc1)C[C@H]1CCCN1,900.0
Cc1ccccc1CN(C[C@H]1CCCN1)C(=O)C(C)Oc1ccccc1,40.0
Cc1cccc(CN(C[C@H]2CCCN2)C(=O)C(C)Oc2ccccc2)c1,80.0
CC(Oc1ccccc1)C(=O)N(Cc1ccccc1Cl)C[C@H]1CCCN1,150.0
CC(Oc1ccccc1)C(=O)N(Cc1cccc(Cl)c1)C[C@H]1CCCN1,50.0
CC(Oc1ccccc1)C(=O)N(Cc1ccc(Cl)cc1)C[C@H]1CCCN1,220.0
CC(Oc1ccccc1Cl)C(=O)N(Cc1ccccc1)C[C@H]1CCCN1,20.0
Cc1ccccc1CN(C[C@H]1CCCN1)C(=O)C(C)Oc1ccccc1Cl,140.0
Cc1cccc(CN(C[C@H]2CCCN2)C(=O)C(C)Oc2ccccc2Cl)c1,90.0
CC(Oc1ccccc1Cl)C(=O)N(Cc1ccccc1Cl)C[C@H]1CCCN1,260.0
CC(Oc1ccccc1Cl)C(=O)N(Cc1cccc(Cl)c1)C[C@H]1CCCN1,10.0
CC(Oc1ccccc1Cl)C(=O)N(Cc1ccc(Cl)cc1)C[C@H]1CCCN1,60.0
CC(Oc1cccc(Cl)c1)C(=O)N(Cc1ccccc1)C[C@H]1CCCN1,7.0
Cc1ccccc1CN(C[C@H]1CCCN1)C(=O)C(C)Oc1cccc(Cl)c1,3.0
Cc1cccc(CN(C[C@H]2CCCN2)C(=O)C(C)Oc2cccc(Cl)c2)c1,120.0
CC(Oc1cccc(Cl)c1)C(=O)N(Cc1ccccc1Cl)C[C@H]1CCCN1,40.0
CC(Oc1cccc(Cl)c1)C(=O)N(Cc1cccc(Cl)c1)C[C@H]1CCCN1,20.0
CC(Oc1cccc(Cl)c1)C(=O)N(Cc1ccc(Cl)cc1)C[C@H]1CCCN1,30.0
CC(=O)Nc1cccc(N(C[C@H]2CCCN2)C(=O)C(C)Oc2ccccc2)c1,1000.0
CC(Oc1ccccc1)C(=O)N(C[C@H]1CCCN1)c1ccccc1Cl,1260.0
CC(Oc1ccccc1)C(=O)N(C[C@H]1CCCN1)c1cccc(Cl)c1,90.0
CC(Oc1ccccc1)C(=O)N(C[C@H]1CCCN1)c1ccc(Cl)cc1,600.0
CC(=O)Nc1cccc(N(C[C@H]2CCCN2)C(=O)C(C)Oc2ccccc2Cl)c1,200.0
CC(=O)Nc1ccc(N(C[C@H]2CCCN2)C(=O)C(C)Oc2ccccc2Cl)cc1,50.0
CC(Oc1ccccc1Cl)C(=O)N(C[C@H]1CCCN1)c1cccc(Cl)c1,250.0
CC(Oc1cccc(Cl)c1)C(=O)N(C[C@H]1CCCN1)c1ccccc1,120.0
CC(=O)Nc1cccc(N(C[C@H]2CCCN2)C(=O)C(C)Oc2cccc(Cl)c2)c1,140.0
CC(=O)Nc1ccc(N(C[C@H]2CCCN2)C(=O)C(C)Oc2cccc(Cl)c2)cc1,30.0
CC(Oc1cccc(Cl)c1)C(=O)N(C[C@H]1CCCN1)c1ccccc1Cl,780.0
CC(Oc1cccc(Cl)c1)C(=O)N(C[C@H]1CCCN1)c1cccc(Cl)c1,40.0
CC(Oc1cccc(Cl)c1)C(=O)N(C[C@H]1CCCN1)c1ccc(Cl)cc1,120.0
CC(=O)Nc1ccc(N(C[C@H]2CCCN2)C(=O)[C@@H](C)Oc2cccc(Cl)c2)cc1,1200.0
CC(=O)Nc1ccc(N(C[C@H]2CCCN2)C(=O)[C@H](C)Oc2cccc(Cl)c2)cc1,20.0
C[C@@H](Oc1cccc(Cl)c1)C(=O)N(Cc1ccccc1)C[C@H]1CCCN1,1500.0
C[C@H](Oc1cccc(Cl)c1)C(=O)N(Cc1ccccc1)C[C@H]1CCCN1,4.0
Cc1ccccc1CN(C[C@H]1CCCN1)C(=O)[C@@H](C)Oc1cccc(Cl)c1,180.0
Cc1ccccc1CN(C[C@H]1CCCN1)C(=O)[C@H](C)Oc1cccc(Cl)c1,2.0
CCC(Oc1ccccc1)C(=O)N(C[C@H]1CCCN1)c1cccc(-c2ccccc2)c1OC,2000.0
C[C@H]1CN(Cc2ccc(-c3cccnc3C(=O)N3CCC(Nc4ccc(F)cc4)CC3)cc2)C[C@@H](C)N1,100.0
CC(C)(N)C(=O)N[C@H](CCC(F)(F)c1ccccc1)c1nnnn1CCC#N,0.9
CC(C)(N)C(=O)N[C@H](CCC(F)(F)c1ccccc1)c1nnnn1CCOC(=O)NCCCCO,0.27
NC1CCN(C(=O)C2CCCCN2S(=O)(=O)c2ccc(-c3ccccc3)cc2)C1,31.62
N[C@H]1CCN(C(=O)[C@@H]2CCCCN2S(=O)(=O)c2ccc(-c3ccccc3)cc2)C1,7.943
N[C@@H]1CCN(C(=O)[C@@H]2CCCCN2S(=O)(=O)c2ccc(-c3ccccc3)cc2)C1,15.85
N[C@@H]1CCN(C(=O)[C@@H]2CCCCN2S(=O)(=O)c2ccc(Br)cc2)C1,398.11
N[C@@H]1CCN(C(=O)[C@@H]2CCCCN2S(=O)(=O)c2ccc(-c3ccco3)cc2)C1,31.62
Cc1ccc(-c2ccc(S(=O)(=O)N3CCCC[C@H]3C(=O)N3CC[C@@H](N)C3)cc2)o1,0.2512
N[C@@H]1CCN(C(=O)[C@@H]2CCCCN2S(=O)(=O)c2ccc(-c3ccco3)c(F)c2)C1,3.162
Cc1ccc(-c2ccc(S(=O)(=O)N3CCCC[C@H]3C(=O)N3CC[C@@H](N)C3)cc2F)o1,0.05012
Cc1ccc(-c2ccc(S(=O)(=O)N3CCCC[C@H]3C(=O)N3CC[C@H](N)C3)cc2F)o1,0.1585
N[C@H]1CCN(C(=O)[C@@H]2CCCCN2S(=O)(=O)c2ccc(NC(=O)c3ccccc3)cc2)C1,19.95
N[C@H]1CCN(C(=O)[C@@H]2CCCCN2S(=O)(=O)c2ccc(NC(=O)c3ccccc3F)cc2)C1,3.981
COc1cccc(C(=O)Nc2ccc(S(=O)(=O)N3CCCC[C@H]3C(=O)N3CC[C@H](N)C3)cc2)c1,1.995
N[C@H]1CCN(C(=O)[C@@H]2CCCCN2S(=O)(=O)c2ccc(-c3cccnc3)cc2)C1,316.23
N[C@@H]1CCN(C(=O)[C@@H]2CCCCN2S(=O)(=O)c2ccc(-c3cc(F)ccc3F)cc2)C1,1.0
N[C@@H]1CCN(C(=O)[C@@H]2CCCCN2S(=O)(=O)c2ccc(-c3cc(Cl)ccc3Cl)cc2)C1,0.3162
Cc1ccc(-c2ccc(S(=O)(=O)N3CCC[C@H]3C(=O)N3CC[C@@H](N)C3)cc2F)o1,0.3981
Cc1ccc(-c2ccc(S(=O)(=O)N3CC[C@H]3C(=O)N3CC[C@@H](N)C3)cc2F)o1,15.85
Cc1ccc(-c2ccc(S(=O)(=O)N3CCNC[C@H]3C(=O)N3CC[C@@H](N)C3)cc2)o1,1.259
Cc1ccc(-c2ccc(S(=O)(=O)N3C[C@H](O)C[C@H]3C(=O)N3CC[C@@H](N)C3)cc2F)o1,0.5012
Cc1ccc(-c2ccc(S(=O)(=O)N3C[C@@H](O)C[C@H]3C(=O)N3CC[C@@H](N)C3)cc2F)o1,5.012
Cc1ccc(-c2ccc(S(=O)(=O)N3CC[C@H](O)[C@H]3C(=O)N3CC[C@@H](N)C3)cc2F)o1,0.1995
Cc1ccc(-c2ccc(S(=O)(=O)N3CCCC[C@H]3C(=O)N3C[C@H](C)N[C@H](C)C3)cc2)o1,6.31
CNC1CCN(C(=O)[C@@H]2CCCCN2S(=O)(=O)c2ccc(-c3ccc(C)o3)cc2)C1,10.0
Cc1ccc(-c2ccc(S(=O)(=O)N3CCCC[C@H]3C(=O)N3CCCNCC3)cc2)o1,7.943
Cc1ccc(-c2ccc(S(=O)(=O)N3CCCC[C@H]3C(=O)N3C[C@H](C)N[C@H](C)C3)cc2F)o1,2.512
C[C@H]1CN(Cc2ccc(-n3ccnc3C(=O)N3CCC(Nc4cccc(F)c4)CC3)cc2)C[C@@H](C)N1,501.19
CC1(C)CCc2cc(S(=O)(=O)Nc3ccc4c(c3)CCN(Cc3cc[nH]n3)CC4)ccc2O1,630.96
CC(C)Oc1ccc(S(=O)(=O)Nc2ccc3c(c2)CCN(Cc2cc[nH]n2)CC3)cc1,158.49
O=S(=O)(Nc1ccc2c(c1)CCN(Cc1cc[nH]n1)CC2)c1ccc(-c2ccccc2)cc1,1584.89
Cc1ccc(S(=O)(=O)Nc2ccc3c(c2)CCN(Cc2cc[nH]n2)CC3)cc1Cl,79.43
CCCCc1ccc(S(=O)(=O)Nc2ccc3c(c2)CCN(Cc2cc[nH]n2)CC3)cc1,79.43
CCCCc1ccc(S(=O)(=O)Nc2ccc3c(c2)CCN(Cc2cnc(C)[nH]2)CC3)cc1,19.95
CCCCc1ccc(S(=O)(=O)Nc2ccc3c(c2)CCN(Cc2[nH]cnc2C)CC3)cc1,3.981
CCCCc1ccc(S(=O)(=O)Nc2ccc3c(c2)CCN(Cc2cnc[nH]2)CC3)cc1,3.981
CCC[C@@H]1NCCOc2ccccc2CCCNC(=O)[C@@H](Cc2ccccc2)NC(=O)[C@@H](C)N(C)C1=O,40.0
CC[C@H](C)[C@@H]1NCCOc2ccccc2CCCNC(=O)[C@@H](Cc2ccc(Cl)cc2)NC(=O)[C@@H](C)N(C)C1=O,11.666666666666666
C[C@@H]1CN[C@@H](C2CC2)C(=O)N(C)[C@H](C)C(=O)N[C@H](Cc2ccc(Cl)cc2)C(=O)NCCCc2ccccc2O1,18.0
C[C@@H]1C(=O)N[C@H](Cc2ccc(C(F)(F)F)cc2)C(=O)NCCCc2ccccc2OCCN[C@@H](C2CC2)C(=O)N1C,6.0
Cc1ccc(C[C@H]2NC(=O)[C@@H](C)N(C)C(=O)[C@H](C3CC3)NCCOc3ccccc3CCCNC2=O)cc1,8.2
C[C@@H]1CN[C@@H](C2CCCCC2)C(=O)N(C)[C@H](C)C(=O)N[C@H](Cc2ccc(F)cc2)C(=O)NCCCc2ccccc2O1,49.0
CC[C@H](C)[C@@H]1NCCCC/C=C/CCNC(=O)[C@@H](Cc2ccccc2)NC(=O)[C@@H](C)N(C)C1=O,310.0
C[C@@H]1C(=O)N[C@H](Cc2ccc(F)cc2)C(=O)NCCCc2cccc3c2O[C@H](CC3)CN[C@@H](C2CC2)C(=O)N1C,85.0
CC(C)C[C@H](NC(=O)[C@H](CC(C)C)NC(=O)[C@@H](Cc1ccc2ccccc2c1)NC(=O)[C@H](Cc1ccccc1)NC(=O)[C@@H](Cc1c[nH]c2ccccc12)NC(=O)[C@@H](N)CCCCN)C(N)=O,9.975
CC(C)C[C@H](NC(=O)[C@H](CC(C)C)NC(=O)[C@@H](Cc1csc2ccccc12)NC(=O)[C@H](Cc1ccccc1)NC(=O)[C@@H](Cc1csc2ccccc12)NC(=O)[C@@H](N)CCCCN)C(N)=O,9.4
CC(C)C[C@H](NC(=O)[C@H](CC(C)C)NC(=O)[C@@H](Cc1csc2ccccc12)NC(=O)[C@H](Cc1ccccc1)NC(=O)[C@@H](Cc1cccc2ccccc12)NC(=O)[C@@H](N)CCCCN)C(N)=O,2.1
CCC[C@H](NC(=O)[C@@H](Cc1cccc2ccccc12)NC(=O)[C@@H](N)CCCCN)C(=O)N[C@H](Cc1c[nH]c2ccccc12)C(=O)N[C@@H](CC(C)C)C(=O)N[C@@H](CC(C)C)C(N)=O,498.1
CC(C)C[C@H](NC(=O)[C@H](CC(C)C)NC(=O)[C@@H](Cc1c[nH]c2ccccc12)NC(=O)[C@H](Cc1ccc(C(C)(C)C)cc1)NC(=O)[C@@H](Cc1cccc2ccccc12)NC(=O)[C@@H](N)CCCCN)C(N)=O,124.1
CC(C)C[C@H](NC(=O)[C@H](CC(C)C)NC(=O)[C@@H](Cc1c[nH]c2ccccc12)NC(=O)[C@@H](Cc1ccccc1)NC(=O)[C@@H](Cc1cccc2ccccc12)NC(=O)[C@@H](N)CCCCN)C(N)=O,119.6
CC(C)C[C@H](NC(=O)[C@H](CC(C)C)NC(=O)[C@@H](Cc1c[nH]c2ccccc12)NC(=O)[C@H](CC1CCCCC1)NC(=O)[C@@H](Cc1cccc2ccccc12)NC(=O)[C@@H](N)CCCCN)C(N)=O,96.8
CC(C)C[C@H](NC(=O)[C@H](CC(C)C)NC(=O)[C@@H](Cc1c[nH]c2ccccc12)NC(=O)[C@H](Cc1ccccc1)NC(=O)[C@@H](Cc1ccc(C(C)(C)C)cc1)NC(=O)[C@@H](N)CCCCN)C(N)=O,624.4
CC(C)C[C@H](NC(=O)[C@H](CC(C)C)NC(=O)[C@@H](Cc1c[nH]c2ccccc12)NC(=O)[C@H](Cc1ccccc1)NC(=O)[C@@H](Cc1ccccc1)NC(=O)[C@@H](N)CCCCN)C(N)=O,240.9
CC(C)C[C@H](NC(=O)[C@H](CC(C)C)NC(=O)[C@@H](Cc1c[nH]c2ccccc12)NC(=O)[C@H](Cc1ccccc1)NC(=O)[C@@H](Cc1ccc(-c2ccccc2)cc1)NC(=O)[C@@H](N)CCCCN)C(N)=O,183.7
CC(C)C[C@H](NC(=O)[C@H](CC(C)C)NC(=O)[C@@H](Cc1c[nH]c2ccccc12)NC(=O)[C@H](Cc1ccccc1)NC(=O)[C@@H](Cc1ccc(C(=O)c2ccccc2)cc1)NC(=O)[C@@H](N)CCCCN)C(N)=O,168.6
CC(C)C[C@H](NC(=O)[C@H](CC(C)C)NC(=O)[C@@H](Cc1c[nH]c2ccccc12)NC(=O)[C@H](Cc1ccccc1)NC(=O)[C@@H](Cc1ccc2ccccc2c1)NC(=O)[C@@H](N)CCCCN)C(N)=O,161.3
CC(C)C[C@H](NC(=O)[C@H](CC(C)C)NC(=O)[C@@H](Cc1c[nH]c2ccccc12)NC(=O)[C@H](Cc1ccccc1)NC(=O)[C@H](NC(=O)[C@@H](N)CCCCN)C(c1ccccc1)c1ccccc1)C(N)=O,13.1
CC(C)C[C@H](NC(=O)[C@H](CC(C)C)NC(=O)[C@@H](Cc1c[nH]c2ccccc12)NC(=O)[C@H](Cc1ccccc1)NC(=O)[C@@H](Cc1csc2ccccc12)NC(=O)[C@@H](N)CCCCN)C(N)=O,5.7
CC(C)C[C@H](NC(=O)[C@H](CC(C)C)NC(=O)[C@@H](Cc1c[nH]c2ccccc12)NC(=O)[C@H](Cc1ccccc1)NC(=O)[C@@H](Cc1cccc2ccccc12)NC(=O)[C@@H](N)CCCCN)C(N)=O,8.35
CC(C)C[C@H](NC(=O)[C@H](CC(C)C)NC(=O)[C@@H](Cc1cccc2ccccc12)NC(=O)[C@H](Cc1ccccc1)NC(=O)[C@@H](Cc1c[nH]c2ccccc12)NC(=O)[C@@H](N)CCCCN)C(N)=O,17.9
COc1cccc(CCN(Cc2ccccc2-c2ccc(CN3C[C@H](C)N[C@H](C)C3)cc2)C(=O)NC2CCCCC2)c1,125.89
Cc1ccc(-c2ccc(S(=O)(=O)Nc3cccc(N4C[C@H](C)N[C@H](C)C4)n3)cc2F)o1,1.0
Cc1ccc(-c2ccc(S(=O)(=O)Nc3ccnc(N4C[C@H](C)N[C@H](C)C4)n3)cc2F)o1,31.62
Cc1ccc(-c2ccc(S(=O)(=O)Nc3cc(N4C[C@H](C)N[C@H](C)C4)ccn3)cc2F)o1,19.95
COc1ncc(N2C[C@H](C)N[C@H](C)C2)cc1NS(=O)(=O)c1ccc(-c2ccc(C)o2)c(F)c1,63.1
COc1ccc(N2C[C@H](C)N[C@H](C)C2)nc1NS(=O)(=O)c1ccc(-c2cc(C)cs2)cc1Cl,5.012
Cc1ccc(-c2ccc(S(=O)(=O)Nc3cc(N4C[C@H](C)N[C@H](C)C4)c[nH]c3=O)cc2F)o1,10.0
COc1ccc(N2C[C@H](C)N[C@H](C)C2)nc1NS(=O)(=O)c1ccc(-c2ccoc2)cc1Cl,25.12
COc1ccc(NS(=O)(=O)c2sc3ccc(Cl)cc3c2C)cc1N1C[C@H](C)N[C@H](C)C1,31.62
COc1ccc(NS(=O)(=O)c2ccc3ccccc3c2)cc1N1C[C@H](C)N[C@H](C)C1,15.85
COc1ccc(NS(=O)(=O)c2cccc3ccccc23)cc1N1C[C@H](C)N[C@H](C)C1,31.62
COc1ccc(NS(=O)(=O)/C=C/c2ccccc2)cc1N1C[C@H](C)N[C@H](C)C1,15.85
COc1ccc(NS(=O)(=O)c2ccc(Oc3ccccc3)cc2)cc1N1C[C@H](C)N[C@H](C)C1,125.89
COc1ccc(NS(=O)(=O)c2cccc3cccnc23)cc1N1C[C@H](C)N[C@H](C)C1,398.11
COc1ccc(NS(=O)(=O)c2ccc(Cl)c(Cl)c2)cc1N1C[C@H](C)N[C@H](C)C1,63.1
COc1ccc(NS(=O)(=O)c2ccc(-n3cccn3)cc2)cc1N1C[C@H](C)N[C@H](C)C1,6.31
COc1ccc(NS(=O)(=O)c2ccc(-c3cccs3)cc2)cc1N1C[C@H](C)N[C@H](C)C1,1.0
COc1ccc(NS(=O)(=O)c2ccc(-c3cccc(C)n3)s2)cc1N1C[C@H](C)N[C@H](C)C1,0.631
COc1ccc(NS(=O)(=O)c2ccc(N3CCCC3=O)cc2)cc1N1C[C@H](C)N[C@H](C)C1,79.43
COc1ccc(N2C[C@H](C)N[C@H](C)C2)cc1NS(=O)(=O)c1ccc2ccccc2c1,7.943
COc1ccc(N2C[C@H](C)N[C@H](C)C2)cc1NS(=O)(=O)c1ccc(Br)s1,125.89
COc1ccc(N2C[C@H](C)N[C@H](C)C2)cc1NS(=O)(=O)c1ccc(-c2cccc(C)n2)cc1,10.0
COc1ccc(N2C[C@H](C)N[C@H](C)C2)cc1NS(=O)(=O)c1ccc(-c2cccc(C)n2)s1,10.0
COc1ccc(N2C[C@H](C)N[C@H](C)C2)cc1NS(=O)(=O)c1cccc(Cl)c1Cl,15.85
COc1ccc(N2C[C@H](C)N[C@H](C)C2)cc1NS(=O)(=O)c1cccc2cccnc12,50.12
COc1ccc(N2C[C@H](C)N[C@H](C)C2)cc1NS(=O)(=O)c1ccc(Cl)c(Cl)c1,50.12
COc1ccc(N2C[C@H](C)N[C@H](C)C2)cc1NS(=O)(=O)c1ccc(-c2cnco2)cc1,50.12
COc1ccc(N2C[C@H](C)N[C@H](C)C2)cc1NS(=O)(=O)c1ccc(-c2cccnc2)cc1,100.0
COc1ccc(N2C[C@H](C)N[C@H](C)C2)cc1NS(=O)(=O)c1ccc(-c2ccsc2)cc1,5.012
COc1ccc(N2C[C@H](C)N[C@H](C)C2)cc1NS(=O)(=O)c1ccc(-c2cccnc2)s1,100.0
COc1ccc(N2C[C@H](C)N[C@H](C)C2)cc1NS(=O)(=O)c1ccc(-c2ccsc2)s1,5.012
COc1ccc(NS(=O)(=O)c2ccc(-c3cccc(C)n3)cc2)cc1N1C[C@H](C)N[C@H](C)C1,15.85
COc1ccc(N2C[C@H](C)N[C@H](C)C2)cc1NS(=O)(=O)c1cc2cc(Cl)ccc2s1,25.12
COc1ccc(NS(=O)(=O)c2ccc(-c3cnco3)cc2)cc1N1C[C@H](C)N[C@H](C)C1,39.81
COc1ccc(N2C[C@H](C)N[C@H](C)C2)cc1NS(=O)(=O)c1cccc(Br)c1,158.49
COc1cc(F)c(N2C[C@H](C)N[C@H](C)C2)cc1NS(=O)(=O)c1ccc(-c2cccs2)cc1,7.943
COc1cc(F)c(N2C[C@H](C)N[C@H](C)C2)cc1NS(=O)(=O)c1ccc(-c2ccccn2)s1,19.95
COc1ccc(N2C[C@H](C)N[C@H](C)C2)cc1NS(=O)(=O)c1ccc(-c2cccs2)s1,3.981
COc1ccc(N2C[C@H](C)N[C@H](C)C2)cc1NS(=O)(=O)c1ccc(-c2ccc(Cl)s2)cc1,12.59
C[C@H]1CN(c2cc(NS(=O)(=O)c3ccc(-c4cccs4)cc3)ccc2C#N)C[C@@H](C)N1,100.0
COc1ccc(Oc2cccc(S(=O)(=O)Nc3cc(N4C[C@H](C)N[C@H](C)C4)ccc3OC)c2)cc1,100.0
COc1ccc(N2C[C@H](C)N[C@H](C)C2)cc1NS(=O)(=O)c1csc2ccccc12,10.0
COc1ccc(N2C[C@H](C)N[C@H](C)C2)cc1NS(=O)(=O)c1sc2ccc(F)cc2c1C,31.62
COc1ccc(NS(=O)(=O)c2ccc(-c3ccsc3)cc2)cc1N1C[C@H](C)N[C@H](C)C1,2.512
COc1ccc(N2C[C@H](C)N[C@H](C)C2)cc1NS(=O)(=O)c1cccc(-c2cccs2)c1,15.85
COc1ccc(NS(=O)(=O)c2ccc(-c3ccsc3)s2)cc1N1C[C@H](C)N[C@H](C)C1,1.585
COc1ccc(NS(=O)(=O)c2ccc(-c3ccccc3)s2)cc1N1C[C@H](C)N[C@H](C)C1,1.0
C[C@H]1CN(c2ccc(O)c(NS(=O)(=O)c3ccc(-c4ccccn4)s3)c2)C[C@@H](C)N1,25.12
COc1ccc(N2C[C@H](C)N[C@H](C)C2)cc1NS(=O)(=O)c1ccc2c(Cl)cccc2c1,1.585
COc1ccc(NS(=O)(=O)c2ccc(-c3cnco3)s2)cc1N1C[C@H](C)N[C@H](C)C1,39.81
COc1ccc(N2C[C@H](C)N[C@H](C)C2)cc1NS(=O)(=O)c1ccc(-c2cnccc2OC)s1,31.62
CCOc1ccc(N2C[C@H](C)N[C@H](C)C2)cc1NS(=O)(=O)c1ccc(-c2cccs2)cc1,12.59
CC(C)Oc1ccc(N2C[C@H](C)N[C@H](C)C2)cc1NS(=O)(=O)c1ccc(-c2cccs2)cc1,15.85
COc1ccc(NS(=O)(=O)c2ccc(Br)cc2C)cc1N1C[C@H](C)N[C@H](C)C1,39.81
C[C@H]1CN(c2cccc(NS(=O)(=O)c3cccc4ccccc34)c2)C[C@@H](C)N1,10.0
COCc1cccc(-c2ccc(S(=O)(=O)Nc3cc(N4C[C@H](C)N[C@H](C)C4)ccc3OC)cc2)c1,6.31
C[C@H]1CN(c2cccc(NS(=O)(=O)c3ccc4ccccc4c3)c2)C[C@@H](C)N1,15.85
C[C@H]1CN(c2cccc(NS(=O)(=O)c3cccc(Cl)c3Cl)c2)C[C@@H](C)N1,19.95
C[C@H]1CN(c2cccc(NS(=O)(=O)c3cc4ccccc4s3)c2)C[C@@H](C)N1,31.62
C[C@H]1CN(c2cccc(NS(=O)(=O)c3ccc(-c4cccs4)cc3)c2)C[C@@H](C)N1,6.31
C[C@H]1CN(c2cccc(NS(=O)(=O)c3ccc(-c4ccc(Cl)s4)cc3)c2)C[C@@H](C)N1,25.12
COc1ccc(NS(=O)(=O)c2ccc(-c3ccccc3C)cc2)cc1N1C[C@H](C)N[C@H](C)C1,100.0
COc1ccc(N2C[C@H](C)N[C@H](C)C2)cc1NS(=O)(=O)c1ccc(-c2ccoc2)cc1,7.943
COc1ccc(NS(=O)(=O)c2ccc(-c3cccs3)s2)cc1N1C[C@H](C)N[C@H](C)C1,1.995
C[C@H]1CN(c2cccc(NS(=O)(=O)c3ccc(-n4cccn4)cc3)c2)C[C@@H](C)N1,25.12
COc1ccc(NS(=O)(=O)c2ccc(Br)c(C)c2)cc1N1C[C@H](C)N[C@H](C)C1,39.81
COc1ccc(NS(=O)(=O)c2ccc(-c3cccs3)cc2F)cc1N1C[C@H](C)N[C@H](C)C1,2.512
COc1ccc(NS(=O)(=O)c2ccc(-c3cccs3)cc2C)cc1N1C[C@H](C)N[C@H](C)C1,1.0
COc1ccc(NS(=O)(=O)c2ccc(-c3ccc(F)cc3)cc2)cc1N1C[C@H](C)N[C@H](C)C1,19.95
COc1ccc(NS(=O)(=O)c2ccc(-c3cccc(F)c3F)cc2)cc1N1C[C@H](C)N[C@H](C)C1,31.62
C[C@H]1CN(c2ccc(F)c(NS(=O)(=O)c3ccc(-c4cccs4)cc3)c2)C[C@@H](C)N1,5.012
COc1ccc(N2C[C@H](C)N[C@H](C)C2)cc1NS(=O)(=O)c1ccc(-c2cc(C)cs2)s1,1.995
COc1ccc(NS(=O)(=O)c2ccc(-c3cc(C)cs3)s2)cc1N1C[C@H](C)N[C@H](C)C1,0.7943
COc1ccc(NS(=O)(=O)c2ccc(-c3ccc(C)cc3)cc2)cc1N1C[C@H](C)N[C@H](C)C1,79.43
COc1ccc(N2C[C@H](C)N[C@H](C)C2)cc1NS(=O)(=O)c1ccc(-c2ccccc2C)s1,25.12
COc1ccc(NS(=O)(=O)c2ccc(-c3ccccc3C)s2)cc1N1C[C@H](C)N[C@H](C)C1,50.12
COc1ccc(NS(=O)(=O)c2ccc(-c3c(C)cccc3C)s2)cc1N1C[C@H](C)N[C@H](C)C1,25.12
COc1ccc(NS(=O)(=O)c2ccc(-c3cccc(C)c3)s2)cc1N1C[C@H](C)N[C@H](C)C1,3.981
COc1ccc(NS(=O)(=O)c2ccc(-c3ccc(F)cc3)s2)cc1N1C[C@H](C)N[C@H](C)C1,100.0
COc1ccc(N2C[C@H](C)N[C@H](C)C2)cc1NS(=O)(=O)c1ccc(-c2ccccc2Cl)s1,2.512
COc1ccc(N2C[C@H](C)N[C@H](C)C2)cc1NS(=O)(=O)c1ccc(-c2cccc(F)c2)s1,31.62
COc1ccc(N2C[C@H](C)N[C@H](C)C2)cc1NS(=O)(=O)c1ccc(-c2ccc(C)cc2)s1,31.62
Cc1ccc(N2C[C@H](C)N[C@H](C)C2)cc1NS(=O)(=O)c1ccc(Br)cc1,100.0
COc1ccc(NS(=O)(=O)c2ccc(-c3ccoc3)s2)cc1N1C[C@H](C)N[C@H](C)C1,12.59
Cc1ccc(N2C[C@H](C)N[C@H](C)C2)cc1NS(=O)(=O)c1ccc2ccccc2c1,5.012
COc1ccc(N2C[C@H](C)N[C@H](C)C2)cc1NS(=O)(=O)c1ccc(-c2ccc(C)s2)s1,25.12
Cc1ccc(N2C[C@H](C)N[C@H](C)C2)cc1NS(=O)(=O)c1cccc2ccccc12,19.95
Cc1ccc(N2C[C@H](C)N[C@H](C)C2)cc1NS(=O)(=O)c1ccc(-c2cccs2)cc1,3.981
Cc1csc(-c2ccc(S(=O)(=O)Nc3cc(N4C[C@H](C)N[C@H](C)C4)ccc3C)cc2)c1,1.259
COc1ccc(NS(=O)(=O)c2ccc(-c3cccs3)c(F)c2)cc1N1C[C@H](C)N[C@H](C)C1,3.162
COc1ccc(NS(=O)(=O)c2ccc(-c3ccc(C)s3)s2)cc1N1C[C@H](C)N[C@H](C)C1,1.585
COc1ccc(N2C[C@H](C)N[C@H](C)C2)cc1NS(=O)(=O)c1ccc(-c2cc(C)cs2)cc1C,0.3981
COc1ccc(N2C[C@H](C)N[C@H](C)C2)cc1NS(=O)(=O)c1ccc(-c2cccc(Cl)c2)cc1,2.512
COc1ccc(N2C[C@H](C)N[C@H](C)C2)cc1NS(=O)(=O)c1ccc(-c2cc(C)cs2)cc1F,0.5012
COc1ccc(N2C[C@H](C)N[C@H](C)C2)cc1NS(=O)(=O)c1ccc(-c2ccco2)cc1F,1.585
COc1ccc(N2C[C@H](C)N[C@H](C)C2)cc1NS(=O)(=O)c1cccc2cccc(Cl)c12,10.0
COc1ccc(NS(=O)(=O)c2ccc(-c3cc(C)cs3)cc2)cc1N1C[C@H](C)N[C@H](C)C1,1.259
COc1ccc(NS(=O)(=O)c2ccc(-c3ccoc3)cc2)cc1N1C[C@H](C)N[C@H](C)C1,12.59
COc1ccc(N2C[C@H](C)N[C@H](C)C2)cc1NS(=O)(=O)c1ccc(-c2ccc(F)cc2F)cc1,100.0
COc1ccc(N2C[C@H](C)N[C@H](C)C2)cc1NS(=O)(=O)c1ccc(-c2ccccc2F)cc1,19.95
COc1ccc(N2C[C@H](C)N[C@H](C)C2)cc1NS(=O)(=O)c1ccc(-c2cccc(F)c2F)cc1,31.62
COc1ccc(N2C[C@H](C)N[C@H](C)C2)cc1NS(=O)(=O)c1ccc(-c2cccc(C)n2)cc1F,7.943
COc1ccc(N2C[C@H](C)N[C@H](C)C2)cc1NS(=O)(=O)c1ccc(-c2cccc(C)n2)c(F)c1,79.43
C[C@H]1CN(c2ccc(F)c(NS(=O)(=O)c3ccc(-c4ccccc4)cc3)c2)C[C@@H](C)N1,31.62
C[C@H]1CN(c2ccc(F)c(NS(=O)(=O)c3ccc(-c4cccs4)cc3F)c2)C[C@@H](C)N1,19.95
COc1ccc(N2C[C@H](C)N[C@H](C)C2)cc1NS(=O)(=O)c1ccc(-c2ccco2)cc1C,1.995
C[C@H]1CN(c2ccc(F)c(NS(=O)(=O)c3ccc(-c4cccs4)cc3Cl)c2)C[C@@H](C)N1,7.943
Cc1cc(-c2cccs2)ccc1S(=O)(=O)Nc1cc(N2C[C@H](C)N[C@H](C)C2)ccc1F,19.95
C[C@H]1CN(c2ccc(F)c(NS(=O)(=O)c3ccc(-c4cccs4)c(F)c3)c2)C[C@@H](C)N1,10.0
C[C@H]1CN(c2ccc(F)c(NS(=O)(=O)c3ccc(-c4ccoc4)cc3)c2)C[C@@H](C)N1,25.12
Cc1cc(-c2ccoc2)ccc1S(=O)(=O)Nc1cc(N2C[C@H](C)N[C@H](C)C2)ccc1F,31.62
C[C@H]1CN(c2ccc(F)c(NS(=O)(=O)c3ccc(-c4ccoc4)c(F)c3)c2)C[C@@H](C)N1,15.85
C[C@H]1CN(c2ccc(F)c(NS(=O)(=O)c3ccc(-c4ccoc4)cc3Cl)c2)C[C@@H](C)N1,19.95
COc1ccc(N2C[C@H](C)N[C@H](C)C2)cc1NS(=O)(=O)c1ccc(-c2cccc(C)n2)cc1C,6.31
COc1ccc(N2C[C@H](C)N[C@H](C)C2)cc1NS(=O)(=O)c1cc(C)c(-c2ccccc2F)s1,63.1
COc1ccc(N2C[C@H](C)N[C@H](C)C2)cc1NS(=O)(=O)c1cc(C)c(-c2cccc(C)n2)s1,12.59
COc1ccc(N2C[C@H](C)N[C@H](C)C2)cc1NS(=O)(=O)c1ccc(-c2csnn2)s1,25.12
COc1ccc(N2C[C@H](C)N[C@H](C)C2)cc1NS(=O)(=O)c1ccc2c(c1)CCC(C)(C)O2,31.62
COc1ccc(N2C[C@H](C)N[C@H](C)C2)cc1NS(=O)(=O)c1ccc(-c2ccsc2)c(C)c1,7.943
COc1ccc(N2C[C@H](C)N[C@H](C)C2)cc1NS(=O)(=O)c1ccc2c(c1)OCCN2C,79.43
COc1ccc(N2C[C@H](C)N[C@H](C)C2)cc1NS(=O)(=O)c1ccc(-c2ccsc2)cc1C,5.012
COc1ccc(N2C[C@H](C)N[C@H](C)C2)cc1NS(=O)(=O)c1ccc(-c2csc(C)n2)s1,39.81
COc1ccc(N2C[C@H](C)N[C@H](C)C2)cc1NS(=O)(=O)c1ccc(-c2nccs2)cc1,12.59
COc1ccc(N2C[C@H](C)N[C@H](C)C2)cc1NS(=O)(=O)c1ccc(-c2ccc(C)s2)cc1F,3.981
COc1ccc(N2C[C@H](C)N[C@H](C)C2)cc1NS(=O)(=O)c1ccc(-c2ccsc2)cc1Cl,3.162
COc1ccc(N2C[C@H](C)N[C@H](C)C2)cc1NS(=O)(=O)c1cccc(-c2ccoc2)c1,39.81
COc1ccc(N2C[C@H](C)N[C@H](C)C2)cc1NS(=O)(=O)c1cccc(-c2cc(C)cs2)c1,50.12
COc1cc(Br)ccc1S(=O)(=O)Nc1cc(N2C[C@H](C)N[C@H](C)C2)ccc1F,100.0
Cc1cc(S(=O)(=O)Nc2cc(N3C[C@H](C)N[C@H](C)C3)ccc2F)ccc1Br,63.1
COc1ccc(N2C[C@H](C)N[C@H](C)C2)cc1NS(=O)(=O)c1ccc(-c2cccn2C)cc1,19.95
COc1ccc(N2C[C@H](C)N[C@H](C)C2)cc1NS(=O)(=O)c1ccc(-c2ccc(C)s2)c(C)c1,6.31
COc1ccc(N2C[C@H](C)N[C@H](C)C2)cc1NS(=O)(=O)c1ccc(-c2cnccn2)cc1,31.62
COc1ccc(N2C[C@H](C)N[C@H](C)C2)cc1NS(=O)(=O)c1ccc(-c2ccc(C)o2)cc1Cl,0.3162
COc1cc(-c2cc(C)cs2)ccc1S(=O)(=O)Nc1cccc(N2C[C@H](C)N[C@H](C)C2)c1,6.31
COc1cc(-c2ccco2)ccc1S(=O)(=O)Nc1cccc(N2C[C@H](C)N[C@H](C)C2)c1,19.95
COc1cc(-c2cccs2)ccc1S(=O)(=O)Nc1cccc(N2C[C@H](C)N[C@H](C)C2)c1,19.95
COc1ccc(N2C[C@H](C)N[C@H](C)C2)cc1NS(=O)(=O)c1ccc(-c2ccco2)cc1Cl,0.5012
COc1ccc(N2C[C@H](C)N[C@H](C)C2)cc1NS(=O)(=O)c1ccc(-c2ccc(C)s2)c(F)c1,3.981
COc1ccc(N2C[C@H](C)N[C@H](C)C2)cc1NS(=O)(=O)c1ccc(-c2ccco2)nc1,15.85
COc1ccc(N2C[C@H](C)N[C@H](C)C2)cc1NS(=O)(=O)c1ccc(-c2cccs2)nc1,50.12
C[C@H]1CN(c2ccc(Cl)c(NS(=O)(=O)c3ccc(-c4ccco4)cc3)c2)C[C@@H](C)N1,1.585
COc1ccc(N2C[C@H](C)N[C@H](C)C2)cc1NS(=O)(=O)c1cc(F)c(-c2ccco2)cc1F,15.85
C[C@H]1CN(c2ccc(Cl)c(NS(=O)(=O)c3ccc(-c4ccccc4F)s3)c2)C[C@@H](C)N1,10.0
COc1ccc(N2C[C@H](C)N[C@H](C)C2)cc1NS(=O)(=O)c1ccc(-c2ccc(C)o2)nc1,7.943
COc1ccc(N2C[C@H](C)N[C@H](C)C2)cc1NS(=O)(=O)c1ccc(-c2cc(C)cs2)nc1,10.0
COc1ccc(N2C[C@H](C)N[C@H](C)C2)cc1NS(=O)(=O)c1ccc(-c2csc(C)c2)c(F)c1,1.995
COc1ccc(N2C[C@H](C)N[C@H](C)C2)cc1NS(=O)(=O)c1ccc(-c2csc(C)c2)cc1F,2.512
COc1ccc(N2C[C@H](C)N[C@H](C)C2)cc1NS(=O)(=O)c1ccc(-c2csc(C)c2)cc1,3.981
COc1ccc(N2C[C@H](C)N[C@H](C)C2)cc1NS(=O)(=O)c1ccc(-c2ncccn2)cc1,12.59
COc1ccc(N2C[C@H](C)N[C@H](C)C2)cc1NS(=O)(=O)c1ccc(Cl)c2ccccc12,50.12
COc1ccc(N2C[C@H](C)N[C@H](C)C2)cc1NS(=O)(=O)c1ccc(-c2ccc(C)o2)cn1,3.162
COc1ccc(N2C[C@H](C)N(C)[C@H](C)C2)cc1NS(=O)(=O)c1ccc(-c2cccs2)cc1,12.59
Cc1ccc(-c2ccc(S(=O)(=O)Nc3cc(N4C[C@H](C)N[C@H](C)C4)ccc3O)cc2)o1,5.012
C[C@H]1CN(c2ccc(O)c(NS(=O)(=O)c3ccc(-c4ccco4)cc3)c2)C[C@@H](C)N1,15.85
COc1ccc(N2CCN[C@@H](C)C2)cc1NS(=O)(=O)c1ccc(-c2cccs2)cc1,158.49
COc1ccc(N2CCN[C@H](C)C2)cc1NS(=O)(=O)c1ccc(-c2cccs2)cc1,31.62
Cc1ccc(-c2ccc(S(=O)(=O)Nc3cc(N4C[C@H](C)N[C@H](C)C4)ccc3O)cc2F)o1,3.162
C[C@H]1CN(c2ccc(O)c(NS(=O)(=O)c3ccc(-c4ccccc4F)s3)c2)C[C@@H](C)N1,6.31
CC(C)(N)C(=O)N[C@H](Cc1c[nH]c2ccccc12)C(=O)N1CCC2(CC1)C[C@H](O)c1ccccc12,0.6
CCCCCCCC(=O)OC[C@H](NC(=O)[C@H](CO)NC(=O)CN)C(=O)N[C@@H](Cc1ccccc1)C(N)=O,72.0
COc1cccc(-n2cc3nc(-c4cccnc4C)n(C[C@H]4CCCN(C(C)C)C4)c(=O)c3n2)c1,1.3
CC(C)C[C@H](NC(=O)[C@@H](Cc1c[nH]c2ccccc12)NC(=O)[C@H](Cc1ccccc1)NC(=O)[C@H](Cc1cccc2ccccc12)NC(=O)[C@@H](N)CCCCN)C(=O)N[C@@H](CC(N)=O)C(N)=O,6.154999999999999
CC(C)C[C@H](NC(=O)[C@@H](Cc1c[nH]c2ccccc12)NC(=O)[C@H](Cc1ccccc1)NC(=O)[C@H](Cc1cccc2ccccc12)NC(=O)[C@@H](N)CCCCN)C(=O)N[C@@H](CC(N)=O)C(=O)O,194.365
CC(C)C[C@H](NC(=O)[C@@H](Cc1c[nH]c2ccccc12)NC(=O)[C@H](Cc1ccccc1)NC(=O)[C@H](Cc1cccc2ccccc12)NC(=O)[C@@H](N)CCCCN)C(=O)N[C@@H](CCC(N)=O)C(=O)O,66.65
CC(C)C[C@H](NC(=O)[C@H](CC(C)C)NC(=O)[C@@H](Cc1c[nH]c2ccccc12)NC(=O)[C@H](Cc1ccccc1)NC(=O)[C@H](Cc1cccc2ccccc12)NC(=O)[C@H](CCCCN)NC(=O)CCC(=O)O)C(N)=O,30.31
CC(C)C[C@H](NC(=O)[C@H](CC(C)C)NC(=O)[C@@H](Cc1c[nH]c2ccccc12)NC(=O)[C@H](Cc1ccccc1)NC(=O)[C@H](Cc1cccc2ccccc12)NC(=O)[C@H](CCCCN)NC(=O)[C@H](CCCCN)NC(=O)CCC(=O)O)C(N)=O,61.650000000000006
CC(=O)N[C@@H](CCCCNC(=O)CCNC(=O)[C@H](CC(N)=O)NC(=O)[C@H](CC(C)C)NC(=O)[C@@H](Cc1c[nH]c2ccccc12)NC(=O)[C@H](Cc1ccccc1)NC(=O)[C@@H](Cc1cccc2ccccc12)NC(=O)[C@@H](N)CCCCN)C(=O)N[C@@H](CC(C)C)C(=O)N[C@@H](CCCNC(=N)N)C(=O)N[C@@H](Cc1cnc[nH]1)C(=O)N[C@@H](Cc1ccc(O)cc1)C(=O)N[C@@H](CC(C)C)C(=O)N[C@@H](CC(N)=O)C(=O)N[C@@H](CC(C)C)C(=O)N[C@@H](CC(C)C)C(=O)N[C@H](C(=O)N[C@@H](CCCNC(=N)N)C(=O)N[C@@H](CCC(N)=O)C(=O)N[C@@H](CCCNC(=N)N)C(=O)N[C@@H](Cc1ccc(O)cc1)C(N)=O)[C@@H](C)O,323.765
CC(=O)N[C@@H](CCCCNC(=O)CCCCCNC(=O)[C@H](CC(N)=O)NC(=O)[C@H](CC(C)C)NC(=O)[C@@H](Cc1c[nH]c2ccccc12)NC(=O)[C@H](Cc1ccccc1)NC(=O)[C@@H](Cc1cccc2ccccc12)NC(=O)[C@@H](N)CCCCN)C(=O)N[C@@H](CC(C)C)C(=O)N[C@@H](CCCNC(=N)N)C(=O)N[C@@H](Cc1cnc[nH]1)C(=O)N[C@@H](Cc1ccc(O)cc1)C(=O)N[C@@H](CC(C)C)C(=O)N[C@@H](CC(N)=O)C(=O)N[C@@H](CC(C)C)C(=O)N[C@@H](CC(C)C)C(=O)N[C@H](C(=O)N[C@@H](CCCNC(=N)N)C(=O)N[C@@H](CCC(N)=O)C(=O)N[C@@H](CCCNC(=N)N)C(=O)N[C@@H](Cc1ccc(O)cc1)C(N)=O)[C@@H](C)O,258.995
CC(=O)N[C@@H](CCCCNC(=O)CCNC(=O)[C@H](CCC(N)=O)NC(=O)[C@H](CC(C)C)NC(=O)[C@@H](Cc1c[nH]c2ccccc12)NC(=O)[C@H](Cc1ccccc1)NC(=O)[C@@H](Cc1cccc2ccccc12)NC(=O)[C@@H](N)CCCCN)C(=O)N[C@@H](CC(C)C)C(=O)N[C@@H](CCCNC(=N)N)C(=O)N[C@@H](Cc1cnc[nH]1)C(=O)N[C@@H](Cc1ccc(O)cc1)C(=O)N[C@@H](CC(C)C)C(=O)N[C@@H](CC(N)=O)C(=O)N[C@@H](CC(C)C)C(=O)N[C@@H](CC(C)C)C(=O)N[C@H](C(=O)N[C@@H](CCCNC(=N)N)C(=O)N[C@@H](CCC(N)=O)C(=O)N[C@@H](CCCNC(=N)N)C(=O)N[C@@H](Cc1ccc(O)cc1)C(N)=O)[C@@H](C)O,99.95
CC(=O)N[C@@H](CCCCNC(=O)CCCCCNC(=O)[C@H](CCC(N)=O)NC(=O)[C@H](CC(C)C)NC(=O)[C@@H](Cc1c[nH]c2ccccc12)NC(=O)[C@H](Cc1ccccc1)NC(=O)[C@@H](Cc1cccc2ccccc12)NC(=O)[C@@H](N)CCCCN)C(=O)N[C@@H](CC(C)C)C(=O)N[C@@H](CCCNC(=N)N)C(=O)N[C@@H](Cc1cnc[nH]1)C(=O)N[C@@H](Cc1ccc(O)cc1)C(=O)N[C@@H](CC(C)C)C(=O)N[C@@H](CC(N)=O)C(=O)N[C@@H](CC(C)C)C(=O)N[C@@H](CC(C)C)C(=O)N[C@H](C(=O)N[C@@H](CCCNC(=N)N)C(=O)N[C@@H](CCC(N)=O)C(=O)N[C@@H](CCCNC(=N)N)C(=O)N[C@@H](Cc1ccc(O)cc1)C(N)=O)[C@@H](C)O,83.86500000000001
CC(=O)NC(CNC(=O)CCC(=O)N[C@@H](CCCCN)C(=O)N[C@H](Cc1cccc2ccccc12)C(=O)N[C@@H](Cc1ccccc1)C(=O)N[C@H](Cc1c[nH]c2ccccc12)C(=O)N[C@@H](CC(C)C)C(=O)N[C@@H](CC(C)C)C(N)=O)C(=O)N[C@@H](CC(C)C)C(=O)N[C@@H](CCCNC(=N)N)C(=O)N[C@@H](Cc1cnc[nH]1)C(=O)N[C@@H](Cc1ccc(O)cc1)C(=O)N[C@@H](CC(C)C)C(=O)N[C@@H](CC(N)=O)C(=O)N[C@@H](CC(C)C)C(=O)N[C@@H](CC(C)C)C(=O)N[C@H](C(=O)N[C@@H](CCCNC(=N)N)C(=O)N[C@@H](CCC(N)=O)C(=O)N[C@@H](CCCNC(=N)N)C(=O)N[C@@H](Cc1ccc(O)cc1)C(N)=O)[C@@H](C)O,40.755
CC(=O)NC(CNC(=O)CCC(=O)N[C@@H](CCCCN)C(=O)N[C@@H](CCCCN)C(=O)N[C@@H](Cc1cccc2ccccc12)C(=O)N[C@@H](Cc1ccccc1)C(=O)N[C@H](Cc1c[nH]c2ccccc12)C(=O)N[C@@H](CC(C)C)C(=O)N[C@@H](CC(C)C)C(N)=O)C(=O)N[C@@H](CC(C)C)C(=O)N[C@@H](CCCNC(=N)N)C(=O)N[C@@H](Cc1cnc[nH]1)C(=O)N[C@@H](Cc1ccc(O)cc1)C(=O)N[C@@H](CC(C)C)C(=O)N[C@@H](CC(N)=O)C(=O)N[C@@H](CC(C)C)C(=O)N[C@@H](CC(C)C)C(=O)N[C@H](C(=O)N[C@@H](CCCNC(=N)N)C(=O)N[C@@H](CCC(N)=O)C(=O)N[C@@H](CCCNC(=N)N)C(=O)N[C@@H](Cc1ccc(O)cc1)C(N)=O)[C@@H](C)O,104.8
COc1ccc(Cn2c([C@@H](Cc3c[nH]c4ccccc34)NC(=O)[C@@H](N)CCCCN)nnc2[C@@H](Cc2c[nH]c3ccccc23)NC(=O)[C@H](CC(C)C)NC(=O)[C@H](CC(C)C)NC(C)=O)cc1,70.0
COc1ccc(Cn2c([C@@H](Cc3c[nH]c4ccccc34)NC(=O)C(CC(C)C)C(=O)N[C@@H](CC(C)C)C(N)=O)nnc2[C@@H](Cc2c[nH]c3ccccc23)NC(=O)[C@@H](N)CCCCN)cc1,170.0
COC(=O)[C@H](CC(C)C)NC(=O)C(CC(C)C)C(=O)N[C@H](Cc1c[nH]c2ccccc12)c1nnc([C@@H](Cc2c[nH]c3ccccc23)NC(=O)[C@@H](N)CCCCN)n1Cc1ccc(OC)cc1,82.0
COC(=O)C(CC(C)C)C(=O)N[C@H](Cc1c[nH]c2ccccc12)c1nnc([C@@H](Cc2c[nH]c3ccccc23)NC(=O)[C@@H](N)CCCCN)n1Cc1ccc(OC)cc1,20.0
COc1ccc(Cn2c([C@@H](Cc3c[nH]c4ccccc34)NC(C)=O)nnc2[C@@H](Cc2c[nH]c3ccccc23)NC(=O)[C@@H](N)CCCCN)cc1,4.0
COc1ccc(Cn2c([C@@H](Cc3c[nH]c4ccccc34)NC=O)nnc2[C@@H](Cc2c[nH]c3ccccc23)NC(=O)[C@@H](N)CCCCN)cc1,10.0
COc1ccc(Cn2c([C@H](Cc3c[nH]c4ccccc34)NC(=O)[C@H]3CNCCO3)nnc2[C@@H](Cc2c[nH]c3ccccc23)NC(=O)[C@@H](CC(C)C)NC(=O)[C@@H](CC(C)C)NC(C)=O)cc1,60.0
COc1ccc(Cn2c([C@@H](Cc3c[nH]c4ccccc34)NC(=O)[C@H](CC(C)C)NC(=O)[C@H](CC(C)C)NC(C)=O)nnc2[C@@H](Cc2c[nH]c3ccccc23)NC(=O)C(C)(C)N)cc1,0.8
COc1ccc(Cn2c([C@H](Cc3c[nH]c4ccccc34)NC(=O)C3CCNCC3)nnc2[C@@H](Cc2c[nH]c3ccccc23)NC(=O)[C@@H](CC(C)C)NC(=O)[C@@H](CC(C)C)NC(C)=O)cc1,4.4
COc1ccc(Cn2c([C@@H](Cc3c[nH]c4ccccc34)NC(=O)[C@H](CC(C)C)NC(=O)[C@H](CC(C)C)NC(C)=O)nnc2[C@@H](Cc2c[nH]c3ccccc23)NC(=O)C(C)(C)O)cc1,74.0
CC(C)[C@@H]1NCCOc2ccccc2CCCNC(=O)[C@@H](Cc2ccccc2)NC(=O)CN(C)C1=O,134.0
CC[C@H](C)[C@@H]1NCCOc2ccccc2CCCNC(=O)[C@@H](Cc2ccccc2)NC(=O)[C@@H](C)NC1=O,163.0
CCCC[C@@H]1NCCOc2ccccc2CCCNC(=O)[C@@H](Cc2ccccc2)NC(=O)CN(C)C1=O,104.0
CCC[C@@H]1NCCOc2ccccc2CCCNC(=O)[C@@H](Cc2ccccc2)NC(=O)[C@H](C)N(C)C1=O,16.6
CCC[C@@H]1NCCOc2ccccc2CCCNC(=O)[C@@H](Cc2ccccc2)NC(=O)CN(CC)C1=O,298.0
CCC[C@@H]1NCCOc2ccccc2CCCNC(=O)[C@@H](Cc2c[nH]c3ccccc23)NC(=O)CN(C)C1=O,1.0
CC(C)C[C@@H]1NCCOc2ccccc2/C=C\CNC(=O)[C@H](Cc2ccccc2)NC(=O)C2(CCCC2)NC1=O,1.0
CC(C)[C@@H]1NCCOc2ccccc2CCCNC(=O)[C@H](Cc2ccccc2)NC(=O)C2(CCCC2)NC1=O,100.0
CCC[C@@H]1NCCOc2ccccc2/C=C\CNC(=O)[C@@H](Cc2ccccc2)NC(=O)CN(C)C1=O,100.0
CC[C@H](C)[C@@H]1NCCOc2ccccc2CCCNC(=O)[C@@H](Cc2ccccc2)NC(=O)[C@@H](C)N(C)C1=O,1.0
O=C1NC/C=C\c2ccccc2OCCNC2(CCCC2)C(=O)NC2(CCCC2)C(=O)N[C@H]1Cc1ccccc1,1.0
CC(C)C[C@@H]1NCCOc2ccccc2/C=C\CNC(=O)[C@H](Cc2ccccc2Cl)NC(=O)C2(CCCC2)NC1=O,1.0
CC(C)C[C@@H]1NCCOc2ccccc2/C=C\CNC(=O)[C@H](Cc2cccc(Cl)c2)NC(=O)C2(CCCC2)NC1=O,1.0
CC[C@H](C)[C@@H]1NCCOc2ccccc2CCCNC(=O)[C@@H](Cc2ccccc2Cl)NC(=O)[C@@H](C)N(C)C1=O,1.0
CC[C@H](C)[C@@H]1NCCOc2ccccc2CCCNC(=O)[C@@H](Cc2ccc(F)cc2)NC(=O)[C@@H](C)N(C)C1=O,1.0
CC[C@H](C)[C@@H]1NCCOc2ccccc2CCCNC(=O)[C@@H](Cc2ccc(OC)cc2)NC(=O)[C@@H](C)N(C)C1=O,1.0
CC[C@H](C)[C@@H]1NCCOc2ccccc2CCCNC(=O)[C@@H](Cc2ccc(-c3ccccc3)cc2)NC(=O)[C@@H](C)N(C)C1=O,1.0
CC[C@H](C)[C@@H]1NCCOc2ccccc2CCCNC(=O)[C@@H](Cc2cccc3ccccc23)NC(=O)[C@@H](C)N(C)C1=O,1.0
CC[C@H](C)[C@@H]1NCCOc2ccccc2CCCNC(=O)[C@@H](Cc2ccc3ccccc3c2)NC(=O)[C@@H](C)N(C)C1=O,1.0
CC[C@H](C)[C@@H]1NC[C@H](C)Oc2ccccc2CCCNC(=O)[C@@H](Cc2ccccc2)NC(=O)[C@@H](C)N(C)C1=O,1.0
CC[C@H](C)[C@@H]1NCCCc2ccccc2/C=C\CNC(=O)[C@@H](Cc2ccccc2)NC(=O)[C@@H](C)N(C)C1=O,1.0
CC[C@H](C)C1NCCCc2ccccc2/C=C\CNC(=O)C(Cc2ccccc2)NC(=O)C(C)N(C)C1=O,100.0
CC[C@H](C)[C@@H]1NCc2ccccc2CCCCCNC(=O)[C@@H](Cc2ccccc2)NC(=O)[C@@H](C)N(C)C1=O,100.0
CCC[C@@H]1NCCOc2ccccc2/C=C\CNC(=O)[C@@H](Cc2ccccc2)NC(=O)[C@@H](C)N(C)C1=O,100.0
CC[C@H](C)[C@@H]1NCCOc2ccccc2/C=C\CNC(=O)[C@@H](Cc2ccccc2)NC(=O)[C@@H](C)N(C)C1=O,1.0
CC(C)C[C@@H]1NCCOc2ccccc2/C=C\CNC(=O)[C@H](CC(C)C)NC(=O)C2(CCCC2)NC1=O,1.0
CC(C)C[C@@H]1NCCOc2ccccc2CCCNC(=O)[C@@H](Cc2ccccc2)NC(=O)C2(CCCC2)NC1=O,100.0
CC(C)C[C@@H]1NCCOc2ccccc2CCCNC(=O)[C@H](Cc2ccccc2)NC(=O)C2(CCCC2)NC1=O,100.0
CC(C)C[C@@H]1NCCOc2ccccc2CCCNC(=O)[C@H](Cc2ccccc2)NC(=O)C2(CC2)NC1=O,100.0
CC(C)[C@@H]1NCCOc2ccccc2/C=C\CNC(=O)[C@H](Cc2ccccc2)NC(=O)C2(CCOCC2)NC1=O,100.0
CC(C)[C@@H]1NCCOc2ccccc2/C=C\CNC(=O)[C@H](Cc2ccccc2)NC(=O)C2(CCOC2)NC1=O,1.0
CC(C)C[C@@H]1NCCOc2ccccc2/C=C\CNC(=O)[C@H](Cc2ccc(Cl)cc2)NC(=O)C2(CCCC2)NC1=O,1.0
CC(C)C[C@@H]1NCCOc2ccccc2/C=C\CNC(=O)[C@H](Cc2ccc(F)cc2)NC(=O)C2(CCCC2)NC1=O,1.0
COc1ccc(C[C@@H]2NC(=O)C3(CCCC3)NC(=O)[C@H](CC(C)C)NCCOc3ccccc3/C=C\CNC2=O)cc1,1.0
CC[C@H](C)[C@@H]1NCCOc2ccccc2CCCNC(=O)[C@@H](Cc2cccnc2)NC(=O)[C@@H](C)N(C)C1=O,100.0
CC[C@H](C)[C@]1(C)NCCOc2ccccc2CCCNC(=O)[C@@H](CC(C)C)NC(=O)[C@@H](C)N(C)C1=O,1.0
CC[C@H](C)[C@@H]1NCCCCCCCCNC(=O)[C@@H](Cc2ccccc2)NC(=O)[C@@H](C)N(C)C1=O,100.0
CCC(C)C1NCCCCCCCCNC(=O)C(Cc2ccccc2)NC(=O)C(C)N(C)C1=O,100.0
CC[C@H](C)[C@@H]1NCCOC/C=C\CCNC(=O)[C@@H](Cc2ccccc2)NC(=O)[C@@H](C)N(C)C1=O,100.0
CC[C@H](C)[C@@H]1NCCCc2ccccc2/C=C\CCNC(=O)[C@@H](Cc2ccccc2)NC(=O)[C@@H](C)N(C)C1=O,100.0
CC[C@H](C)[C@@H]1NCc2ccccc2C/C=C\CNC(=O)[C@@H](Cc2ccccc2)NC(=O)[C@@H](C)N(C)C1=O,100.0
CC[C@H](C)[C@@H]1NCc2ccccc2CCCCNC(=O)[C@@H](Cc2ccccc2)NC(=O)[C@@H](C)N(C)C1=O,100.0
CCC(C)C1NCc2ccccc2CCCCNC(=O)C(Cc2ccccc2)NC(=O)C(C)N(C)C1=O,100.0
CC[C@H](C)[C@@H]1NCc2ccccc2C/C=C\CCNC(=O)[C@@H](Cc2ccccc2)NC(=O)[C@@H](C)N(C)C1=O,1.0
CC[C@H](C)[C@@H]1NCCc2ccccc2CCCNC(=O)[C@@H](Cc2ccccc2)NC(=O)[C@@H](C)N(C)C1=O,100.0
C[C@@H]1C(=O)N[C@H](Cc2ccc(Cl)cc2)C(=O)NCCCc2ccccc2OCCN[C@@H](C2CC2)C(=O)N1C,1.0
C[C@@H]1C(=O)N[C@H](Cc2ccc(F)cc2)C(=O)NCCCc2ncccc2OCCN[C@@H](C2CC2)C(=O)N1C,1.0
C[C@@H]1C(=O)N[C@H](Cc2ccc(Cl)cc2Cl)C(=O)NCCCc2ccccc2OCCN[C@@H](C2CC2)C(=O)N1C,1.0
C[C@@H]1C(=O)N[C@H](Cc2c(F)c(F)c(F)c(F)c2F)C(=O)NCCCc2ccccc2OCCN[C@@H](C2CC2)C(=O)N1C,1.0
CC1(C)NC(=O)C2(CCCC2)NCCOc2ccccc2/C=C\CNC(=O)[C@H](Cc2cccc(Cl)c2)NC1=O,1.0
CC[C@H](C)[C@@H]1NCCOc2ccccc2/C=C\CNC(=O)[C@H](Cc2ccc(Cl)cc2)NC(=O)C2(CCOC2)NC1=O,1.0
O=C1NC/C=C\c2ccccc2OCCN[C@@H](C2CC2)C(=O)NC2(CCCC2)C(=O)N[C@H]1Cc1ccc(Cl)cc1,1.0
C[C@@H]1C(=O)N[C@H](Cc2ccc(F)cc2)C(=O)NCC#Cc2ccccc2OCCN[C@@H](C2CC2)C(=O)N1C,1.0
CC[C@H](C)[C@@H]1NCCCc2ccccc2/C=C\CNC(=O)[C@H](Cc2cccc(Cl)c2)NC(=O)C2(CCCC2)NC1=O,1.0
C[C@@H]1C(=O)N[C@H](Cc2ccc(F)cc2)C(=O)NCCCc2cc(NS(C)(=O)=O)ccc2OCCN[C@@H](C2CC2)C(=O)N1C,1.0
C[C@H]1C(=O)N[C@@H](Cc2ccc(F)cc2)C(=O)NC[C@H]2C[C@@H]2c2ccccc2OCCN[C@H](C2CC2)C(=O)N1C,100.0
CC[C@H](C)[C@@H]1NCCOc2ccc(F)cc2CCCNC(=O)[C@H](Cc2cccc(Cl)c2)NC(=O)C2(CCCC2)NC1=O,100.0
CCC(C)[C@H]1NCCOc2ccccc2[C@H]2C[C@@H]2CNC(=O)[C@H](Cc2cccc(Cl)c2)NC(=O)C2(CCCC2)NC1=O,1.0
C[C@H]1NC(=O)C2(CCCC2)NCCOc2ccccc2/C=C\CNC(=O)[C@H](Cc2cccc(Cl)c2)NC1=O,1.0
CC[C@H](C)[C@@H]1NCCOc2ccccc2CCCNC(=O)[C@@H](Cc2ccc(O)cc2)NC(=O)[C@@H](C)N(C)C1=O,1.0
COCCNCCC(=O)N[C@H]1c2ccccc2C[C@@H]1NC(=O)c1cc2ccccc2n1C,159.245
CN(C)CCC(=O)N[C@H]1c2ccccc2C[C@@H]1NC(=O)c1cc2cc(F)c(F)cc2[nH]1,33.31
O=C(N[C@H]1Cc2ccccc2[C@@H]1NC(=O)[C@H]1CCNC1)c1cc2cc(F)ccc2[nH]1,48.56
Cc1ccc2[nH]c(C(=O)N[C@H]3Cc4ccccc4[C@@H]3NC(=O)CCN(C)C)cc2c1,20.475
Cc1ccc2[nH]c(C(=O)N[C@H]3Cc4ccccc4[C@H]3NC(=O)CCN(C)C)cc2c1,100.0
CN1N=C2CCN(C(=O)[C@@H](COCc3ccccc3)NC(=O)C(C)(C)N)C[C@@]2(Cc2ccccc2)C1=O,0.906
Cn1c(C(=O)N[C@H]2Cc3ccccc3[C@@H]2NC(=O)c2cnccc2N)cc2ccccc21,15.425
Nc1ccncc1C(=O)N[C@H]1c2ccccc2C[C@@H]1NC(=O)c1nc2cc(F)c(F)cc2[nH]1,24.06
Nc1ccncc1C(=O)N[C@H]1c2ccccc2C[C@@H]1NC(=O)c1cc2c(F)cc(F)cc2[nH]1,2.756
Cn1ccc2c(F)c(C(=O)N[C@H]3Cc4ccccc4[C@@H]3NC(=O)c3cnccc3N)ccc21,6.5
Cc1ccc2[nH]c(C(=O)N[C@H]3Cc4ccccc4[C@@H]3NC(=O)c3cnccc3N)cc2c1,13.295
N#Cc1ccc2[nH]c(C(=O)N[C@H]3Cc4ccccc4[C@@H]3NC(=O)c3cnccc3N)cc2c1,41.905
Nc1ccncc1C(=O)N[C@H]1c2ccccc2C[C@@H]1NC(=O)c1cc2ccccc2[nH]1,25.06
Cn1ccc2cc(C(=O)N[C@H]3Cc4ccccc4[C@@H]3NC(=O)c3cnccc3N)c(F)cc21,130.445
Cn1ccc2cc(C(=O)N[C@H]3Cc4ccccc4[C@@H]3NC(=O)c3cnccc3N)cc(F)c21,7.4715
Cc1ccc2[nH]c(C(=O)N[C@H]3Cc4ccccc4[C@@H]3NC(=O)[C@@H]3CN(C)CCO3)cc2c1,1.3295
CN1CCO[C@H](C(=O)N[C@H]2c3ccccc3C[C@@H]2NC(=O)c2ccc3c(ccn3C)c2)C1,20.475
CN1CCC[C@@H](C(=O)N[C@H]2c3ccccc3C[C@@H]2NC(=O)c2ccc3c(ccn3C)c2)C1,164.245
CN1CCC[C@H](C(=O)N[C@H]2c3ccccc3C[C@@H]2NC(=O)c2ccc3c(ccn3C)c2)C1,26.56
CN1CCCO[C@H](C(=O)N[C@H]2c3ccccc3C[C@@H]2NC(=O)c2ccc3c(ccn3C)c2)C1,10.0
CN1CCCO[C@@H](C(=O)N[C@H]2c3ccccc3C[C@@H]2NC(=O)c2ccc3c(ccn3C)c2)C1,256.595
Cc1ccc2[nH]c(C(=O)N[C@H]3Cc4ccccc4[C@@H]3NC(=O)[C@H]3COCCN(C)C3)cc2c1,20.475
Cn1ccc2cc(C(=O)N[C@H]3Cc4ccccc4[C@@H]3NC(=O)[C@@H]3CNCCO3)ccc21,51.06
Cc1ccc2[nH]c(C(=O)N[C@H]3Cc4ccccc4[C@@H]3NC(=O)[C@@H]3CNCCOC3)cc2c1,131.445
CN1CC[C@@H](C(=O)N[C@H]2c3ccccc3C[C@@H]2NC(=O)c2ccc3c(ccn3C)c2)C1,127.445
CN1CC[C@H](C(=O)N[C@H]2c3ccccc3C[C@@H]2NC(=O)c2ccc3c(ccn3C)c2)C1,250.595
CN1CCC[C@H]1CC(=O)N[C@H]1c2ccccc2C[C@@H]1NC(=O)c1ccc2c(ccn2C)c1,19.475
CN(C)CCNC(=O)[C@H]1c2ccccc2C[C@@H]1NC(=O)c1cc2ccccc2[nH]1,1.7925
CN(C)CCNC(=O)[C@@H]1c2ccccc2C[C@H]1NC(=O)c1cc2ccccc2[nH]1,630.48
Cc1ccc2[nH]c(C(=O)N[C@H]3Cc4ccccc4[C@@H]3C(=O)N[C@H]3CCCN(C)C3)cc2c1,0.1
Cc1ccc2[nH]c(C(=O)N[C@H]3Cc4ccccc4[C@H]3C(=O)NCCN(C)C)cc2c1,243.595
Cc1ccc2[nH]c(C(=O)N[C@H]3Cc4ccccc4[C@@H]3C(=O)N(C)CCN(C)C)cc2c1,5.006
Cc1ccc2c(c1)CCC2N1CCC(N(C)C(=O)N[C@@H](C)c2ccc(O)c(Cl)c2Cl)CC1,189.0
COc1ccc([C@H](C)NC(=O)N(C)C2CCN(C3CCc4cc(-n5nccn5)ccc43)CC2)c(Cl)c1Cl,70.0
COc1ccc2c(c1)CCC2N1CCC(N(C)C(=O)N[C@@H](C)c2ccc(OC)c(Cl)c2Cl)CC1,85.7
COc1ccc([C@H](C)NC(=O)N(C)C2CCN(C3CCc4cc(Cl)ccc43)CC2)c(Cl)c1Cl,40.7
COc1ccc([C@H](C)NC(=O)N(C)C2CCN(C3CCc4cc(C)ccc43)CC2)c(Cl)c1Cl,73.0
Cc1ccc2c(c1)CCC2N1CCC(N(C)C(=O)N[C@@H](C)c2ccc(C#CC3CC3)c(Cl)c2Cl)CC1,117.0
C[C@H](NC(=O)N(C)C1CCN(C2CCc3cc(-c4cncnc4)ccc32)CC1)c1ccc(C#CC2CC2)c(Cl)c1Cl,84.8
C[C@H](NC(=O)N(C)C1CCN(C2CCc3cc(-c4ncccn4)ccc32)CC1)c1ccc(C#CC2CC2)c(Cl)c1Cl,634.0
COc1ccc([C@H](CC2CC2)NC(=O)N(C)C2CCN(C3CCc4cc(-c5cc(C)ncn5)ccc43)CC2)c(Cl)c1Cl,439.0
Cc1cc(-c2ccc3c(c2)CCC3N2CCC(N(C)C(=O)N[C@@H](CC3CC3)c3cccc(Cl)c3Cl)CC2)ncn1,970.0
Cc1cc(-c2ccc3c(c2)CCC3N2CCC(N(C)C(=O)N[C@@H](CC3CC3)c3ccc(-c4cnccn4)c(Cl)c3Cl)CC2)ncn1,484.0
Cc1cc(-c2ccc3c(c2)CCC3N2CCC(N(C)C(=O)N[C@H](c3ccc(-c4cnccn4)c(Cl)c3Cl)C(F)(F)F)CC2)ncn1,2164.0
CC[C@H](NC(=O)N(C)C1CCN(C2CCc3cc(-c4cc(C)ncn4)ccc32)CC1)c1ccc(C#CC2CC2)c(Cl)c1Cl,306.0
Cc1cc(-c2ccc3c(c2)CCC3N2CCC(N(C)C(=O)N[C@@H](C)c3ccc(C#CC4CC4)c(Cl)c3Cl)CC2)ncn1,51.0
Cc1cc(-c2ccc3c(c2)CCC3N2CCC(N(C)C(=O)N[C@@H](C)c3ccc(C4CC4)c(Cl)c3Cl)CC2)ncn1,298.0
C#Cc1ccc([C@H](C)NC(=O)N(C)C2CCN(C3CCc4cc(-c5cc(C)ncn5)ccc43)CC2)c(Cl)c1Cl,10.6
Cc1cc(-c2ccc3c(c2)CCC3N2CCC(N(C)C(=O)N[C@@H](C)c3ccc(N)c(Cl)c3Cl)CC2)ncn1,121.0
COC(=O)c1ccc([C@H](C)NC(=O)N(C)C2CCN(C3CCc4cc(-c5cc(C)ncn5)ccc43)CC2)c(Cl)c1Cl,96.0
COc1ccc([C@H](C)NC(=O)N(C)C2CCN(C3CCc4cc(-c5cc(C)ncn5)ccc43)CC2)c(Cl)c1Cl,67.0
Cc1cc(-c2ccc3c(c2)CCC3N2CCC(N(C)C(=O)N[C@@H](C)c3ccc(-c4cnccn4)c(Cl)c3Cl)CC2)ncn1,194.0
Cc1cc(-c2ccc3c(c2)CC[C@H]3N2CC3(CCN(C(=O)N[C@@H](C)c4ccc(-c5cnccn5)c(Cl)c4Cl)CC3)C2)ncn1,483.0
Cc1cc(-c2ccc3c(c2)CCC3N2CCC(N(C)C(=O)N[C@@H](C)c3ccc(C#CC4CC4)c(Cl)c3Cl)C(C)(C)C2)ncn1,363.0
CCN(C(=O)N[C@@H](C)c1ccc(C#CC2CC2)c(Cl)c1Cl)C1CCN(C2CCc3cc(-c4cc(C)ncn4)ccc32)CC1,937.0
Cc1cc(-c2ccc3c(c2)CC[C@@H]3N2CCC(N(C)C(=O)N[C@@H](C)c3ccc(C#CC4CC4)c(Cl)c3Cl)CC2)ncn1,1276.0
Cc1cc(-c2ccc3c(c2)CC[C@H]3N2CCC(N(C)C(=O)N[C@@H](C)c3ccc(C#CC4CC4)c(Cl)c3Cl)CC2)ncn1,29.4
CCCC[C@H](N)C(=O)N[C@H](C(=O)N1CCC[C@H]1C(=O)N[C@@H](Cc1ccccc1)C(=O)N[C@@H](Cc1c[nH]c2ccccc12)C(=O)N[C@@H](CCCNC(=N)N)C(=O)NCC(=O)N[C@H](C(=O)N[C@@H](CO)C(=O)N[C@@H](CC(C)C)C(=O)N[C@@H](CCCNC(=N)N)C(=O)N1CCC[C@H]1C(=O)N[C@H](C(=O)NCC(=O)N[C@H](C)C(=O)N[C@H](CO)C(=O)N[C@@H]1CSSC[C@@H]2NC(=O)[C@H](CC(C)C)NC(=O)[C@H](CCCNC(=N)N)NC(=O)[C@H]([C@@H](C)O)NC(=O)[C@H]([C@@H](C)O)NC(=O)[C@H](CSSC[C@@H](C(=O)N[C@@H](CO)C(=O)N[C@@H](CC(C)C)C(=O)N[C@@H](CO)C(=O)N[C@H](C(=O)N[C@@H](C)C(=O)N[C@@H](CCC(N)=O)C(=O)N[C@@H](CCC(=O)O)C(=O)O)C(C)C)NC(=O)[C@H](CCCNC(=N)N)NC(=O)[C@H](CCCNC(=N)N)NC(=O)[C@H](CCCCN)NC(=O)[C@H](CCCNC(=N)N)NC2=O)NC(=O)[C@H](CCC(=O)O)NC(=O)[C@H](CO)NC(=O)[C@@H](CC(=O)O)NC(=O)[C@@H](CC(=O)O)NC(=O)[C@@H](CCCNC(=N)N)NC1=O)[C@@H](C)CC)C(C)C)[C@@H](C)O,22.36666666666667
CCCCCCCC(=O)OC[C@H](NC(=O)[C@H](CO)NC(=O)CN)C(=O)N[C@@H](Cc1ccccc1)C(=O)N[C@@H](CC(C)C)C(=O)N[C@@H](CO)C(=O)N1CCC[C@H]1C(=O)N[C@@H](CCC(=O)O)C(=O)N[C@@H](Cc1cnc[nH]1)C(=O)N[C@@H](CCC(N)=O)C(=O)N[C@@H](CCCNC(=N)N)C(=O)N[C@H](C(=O)N[C@@H](CCC(N)=O)C(=O)N[C@@H](CCC(N)=O)C(=O)N[C@@H](CCCNC(=N)N)C(=O)N[C@@H](CCCCN)C(=O)N[C@@H](CCC(=O)O)C(=O)N[C@@H](CO)C(=O)N[C@@H](CCCCN)C(=O)N[C@@H](CCCCN)C(=O)N1CCC[C@H]1C(=O)N1CCC[C@H]1C(=O)N[C@@H](C)C(=O)N[C@@H](CCCCN)C(=O)N[C@@H](CC(C)C)C(=O)N[C@@H](CCC(N)=O)C(=O)N1CCC[C@H]1C(=O)N[C@@H](CCCNC(=N)N)C(=O)O)C(C)C,1.51
CCCC[C@H](N)C(=O)N[C@H](C(=O)N1CCC[C@H]1C(=O)N[C@@H](Cc1ccccc1)C(=O)N[C@@H](Cc1c[nH]c2ccccc12)C(=O)N[C@@H](CCCNC(=N)N)C(=O)NCC(=O)N[C@H](C(=O)N[C@@H](CO)C(=O)N[C@@H](CC(C)C)C(=O)N[C@@H](CCCNC(=N)N)C(=O)N1CCC[C@H]1C(=O)N[C@H](C(=O)NCC(N)=O)[C@@H](C)CC)C(C)C)[C@@H](C)O,48.0
CCCC[C@H](N)C(=O)N[C@H](C(=O)N1CCC[C@H]1C(=O)N[C@@H](Cc1ccccc1)C(=O)N[C@@H](Cc1c[nH]c2ccccc12)C(=O)N[C@@H](CCCNC(=N)N)C(=O)NCC(=O)N[C@H](C(=O)N[C@@H](CO)C(=O)N[C@@H](CC(C)C)C(=O)N[C@@H](CCCNC(=N)N)C(=O)N1CCC[C@H]1C(N)=O)C(C)C)[C@@H](C)O,46.0
CCCC[C@H](N)C(=O)N[C@H](C(=O)N1CCC[C@H]1C(=O)N[C@@H](Cc1ccccc1)C(=O)N[C@@H](Cc1c[nH]c2ccccc12)C(=O)N[C@@H](CCCNC(=N)N)C(=O)NCC(=O)N[C@H](C(=O)N[C@@H](CO)C(=O)N[C@@H](CC(C)C)C(N)=O)C(C)C)[C@@H](C)O,134.0
CCCC[C@H](N)C(=O)N[C@H](C(=O)N1CCC[C@H]1C(=O)N[C@@H](Cc1ccccc1)C(=O)N[C@@H](Cc1c[nH]c2ccccc12)C(=O)N[C@@H](CCCNC(=N)N)C(=O)NCC(=O)N[C@H](C(N)=O)C(C)C)[C@@H](C)O,368.0
CCCC[C@H](N)C(=O)N[C@H](C(=O)N1CCC[C@H]1C(=O)N[C@@H](Cc1ccccc1)C(=O)N[C@@H](Cc1c[nH]c2ccccc12)C(=O)N[C@@H](CCCNC(=N)N)C(N)=O)[C@@H](C)O,6633.0
CC(C)C[C@H](NC(=O)[C@H](CC(C)C)NC(=O)[C@@H](Cc1c[nH]c2ccccc12)NC(=O)[C@H](Cc1ccccc1)NC(=O)[C@@H](Cc1c[nH]c2ccccc12)NC(=O)[C@H](CCC(N)=O)NC(=O)[C@@H](Cc1ccccc1)NC(=O)[C@@H]1CCCN1C(=O)[C@H](CCCCN)NC(=O)[C@@H]1CCCN1C(=O)[C@H](N)CCCNC(=N)N)C(N)=O,98.7
Cc1ccc2[nH]c(C(=O)N[C@H]3Cc4ccccc4[C@@H]3C(=O)NCCN(C)C)cc2c1,1.7925
Cc1ccc2[nH]c(C(=O)N[C@H]3CN(S(=O)(=O)c4ccccc4)C[C@@H]3C(=O)NCCN(C)C)cc2c1,0.8221499999999999
Cc1ccc2[nH]c(C(=O)N[C@H]3CCN(S(=O)(=O)c4ccccc4)C[C@@H]3C(=O)NCCN(C)C)cc2c1,0.79215
Cc1ccc2[nH]c(C(=O)N[C@@H]3CN(S(=O)(=O)c4ccccc4)C[C@H]3C(=O)NCCN(C)C)cc2c1,41.405
Cc1ccc2[nH]c(C(=O)N[C@H]3CN(S(=O)(=O)c4ccccc4)C[C@H]3C(=O)NCCN(C)C)cc2c1,316.615
Cc1ccc2[nH]c(C(=O)N[C@@H]3CCN(S(=O)(=O)c4ccccc4)C[C@@H]3C(=O)NCCN(C)C)cc2c1,66.05
Cc1ccc2[nH]c(C(=O)N[C@H]3CN(S(=O)(=O)c4ccccc4)CC[C@@H]3C(=O)NCCN(C)C)cc2c1,316.115
Cc1ccc2[nH]c(C(=O)N[C@H]3CN(S(=O)(=O)c4cccnc4)C[C@@H]3C(=O)NCCN(C)C)cc2c1,1.035
Cc1ccc2[nH]c(C(=O)N[C@H]3CN(S(=O)(=O)c4ccnnc4)C[C@@H]3C(=O)NCCN(C)C)cc2c1,5.010999999999999
Cc1ccc2[nH]c(C(=O)N[C@H]3CN(S(=O)(=O)c4cnccn4)C[C@@H]3C(=O)NCCN(C)C)cc2c1,2.0175
Cc1ccc2[nH]c(C(=O)N[C@H]3CN(S(=O)(=O)c4ccnc(C)c4)C[C@@H]3C(=O)NCCN(C)C)cc2c1,1.5275
Cc1ccc2[nH]c(C(=O)N[C@H]3CN(S(=O)(=O)c4cn(C)nc4C)C[C@@H]3C(=O)NCCN(C)C)cc2c1,3.016
Cc1ccc2[nH]c(C(=O)N[C@H]3CN(S(=O)(=O)C4CCOCC4)C[C@@H]3C(=O)NCCN(C)C)cc2c1,8.1065
Cc1ccc2[nH]c(C(=O)N[C@H]3CCN(S(=O)(=O)c4cccnc4)C[C@@H]3C(=O)NCCN(C)C)cc2c1,2.0125
Cc1ccc2[nH]c(C(=O)N[C@H]3CCN(S(=O)(=O)C4CC4)C[C@@H]3C(=O)NCCN(C)C)cc2c1,7.781499999999999
Cc1ccc2[nH]c(C(=O)N[C@H]3CCN(S(=O)(=O)N4CCCCC4)C[C@@H]3C(=O)NCCN(C)C)cc2c1,3.126
Cc1ccc2[nH]c(C(=O)N[C@H]3CCN(S(=O)(=O)N4CCOCC4)C[C@@H]3C(=O)NCCN(C)C)cc2c1,8.3615
Cc1ccc2[nH]c(C(=O)N[C@H]3CCN(S(=O)(=O)N(C)C)C[C@@H]3C(=O)NCCN(C)C)cc2c1,10.08
Cc1ccc2[nH]c(C(=O)N[C@H]3CCN(C(=O)c4cccnc4)C[C@@H]3C(=O)NCCN(C)C)cc2c1,201.765
Cc1ccc2[nH]c(C(=O)N[C@H]3CN(S(=O)(=O)c4ccccc4)C[C@@H]3C(=O)NC[C@H]3CCCN3)cc2c1,0.959
Cc1ccc2[nH]c(C(=O)N[C@H]3CN(S(=O)(=O)c4ccccc4)C[C@@H]3C(=O)NC[C@@H]3CCCN3C)cc2c1,0.16325
Cc1ccc2[nH]c(C(=O)N[C@H]3CN(S(=O)(=O)c4ccccc4)C[C@@H]3C(=O)NC[C@H]3CCCN3C)cc2c1,0.4780999999999999
Cc1ccc2[nH]c(C(=O)N[C@H]3CN(S(=O)(=O)c4ccccc4)C[C@@H]3C(=O)N[C@@H]3CCCN(C)C3)cc2c1,0.2626
Cc1ccc2[nH]c(C(=O)N[C@H]3CN(S(=O)(=O)c4ccccc4)C[C@@H]3C(=O)N[C@H]3CCCN(C)C3)cc2c1,0.42305
Cc1ccc2[nH]c(C(=O)N[C@H]3CN(S(=O)(=O)c4ccccc4)C[C@@H]3C(=O)N[C@@H]3CCCNC3)cc2c1,6.205
Cc1ccc2[nH]c(C(=O)N[C@H]3CN(S(=O)(=O)c4ccccc4)C[C@@H]3C(=O)N[C@H]3CCCNC3)cc2c1,0.3256
Cc1ccc2[nH]c(C(=O)N[C@H]3CCN(S(=O)(=O)c4ccccc4Cl)C[C@@H]3C(=O)N[C@H]3CCCN(C)C3)cc2c1,0.15175
Cc1ccc2[nH]c(C(=O)N[C@H]3CCN(S(=O)(=O)c4ccccc4Cl)C[C@@H]3C(=O)N[C@H]3CCCNC3)cc2c1,0.20475
O=C(N[C@H]1CN(S(=O)(=O)c2ccccc2)C[C@@H]1C(=O)N[C@H]1CCCNC1)c1cc(-c2ccccc2)on1,4.901
Cc1nc(-c2cccc(C(F)(F)F)c2)sc1C(=O)N[C@H]1CN(S(=O)(=O)c2ccccc2)C[C@@H]1C(=O)N[C@H]1CCCNC1,7.5215
O=C(N[C@H]1CN(S(=O)(=O)c2ccccc2)C[C@@H]1C(=O)N[C@H]1CCCNC1)c1nnc(-c2ccc(F)cc2)s1,10.4
Cc1oc(-c2ccc(Cl)cc2)nc1C(=O)N[C@H]1CN(S(=O)(=O)c2ccccc2)C[C@@H]1C(=O)N[C@H]1CCCNC1,2.661
Cc1oc(-c2ccc(C(F)(F)F)cc2)nc1C(=O)N[C@H]1CN(S(=O)(=O)c2ccccc2)C[C@@H]1C(=O)N[C@H]1CCCNC1,4.1605
O=C(N[C@H]1CN(S(=O)(=O)c2ccccc2)C[C@@H]1C(=O)N[C@H]1CCCNC1)c1cc(-c2ccc(Cl)cc2)on1,1.9425
O=C(N[C@H]1CN(S(=O)(=O)c2ccccc2)C[C@@H]1C(=O)N[C@H]1CCCNC1)c1cc(-c2ccccc2Cl)on1,0.42005
O=C(N[C@H]1CN(S(=O)(=O)c2ccccc2)C[C@@H]1C(=O)N[C@H]1CCCNC1)c1cc(-c2ccc(Cl)cc2Cl)on1,0.2430999999999999
O=C(N[C@H]1CN(S(=O)(=O)c2ccccc2)C[C@@H]1C(=O)N[C@H]1CCCNC1)c1ccc(-c2cc(C(F)(F)F)ccc2Cl)o1,13.255
Cc1oc(-c2ccccc2Cl)nc1C(=O)N[C@H]1CN(S(=O)(=O)c2ccccc2)C[C@@H]1C(=O)N[C@H]1CCCNC1,0.5221
Cc1ccc2[nH]c(C(=O)N[C@H]3CN(S(=O)(=O)c4ccccc4)C[C@]3(C)C(=O)N[C@H]3CCCNC3)cc2c1,25.46
O=C(N[C@H]1CN(S(=O)(=O)c2ccccc2)C[C@@H]1C(=O)N1C[C@H]2CCNC[C@H]21)c1cc(-c2ccccc2Cl)on1,2.3760000000000003
O=C(N[C@H]1CN(S(=O)(=O)c2ccccc2)C[C@@H]1C(=O)NC[C@@H]1CCCN1)c1cc(-c2ccccc2Cl)on1,0.905
CN(C(=O)c1cc(-c2ccccc2Cl)on1)[C@H]1CN(S(=O)(=O)c2ccccc2)C[C@@H]1C(=O)N[C@H]1CCCNC1,1.045
CN(C(=O)[C@H]1CN(S(=O)(=O)c2ccccc2)C[C@@H]1NC(=O)c1cc(-c2ccccc2Cl)on1)[C@H]1CCCNC1,12.48
CN(C(=O)[C@H]1CN(S(=O)(=O)c2ccccc2)C[C@@H]1N(C)C(=O)c1cc(-c2ccccc2Cl)on1)[C@H]1CCCNC1,25.09
O=CN1CCC[C@H](NC(=O)[C@H]2CN(S(=O)(=O)c3ccccc3)C[C@@H]2NC(=O)c2cc(-c3ccccc3Cl)on2)C1,162.445
CC(=O)N1CCC[C@H](NC(=O)[C@H]2CN(S(=O)(=O)c3ccccc3)C[C@@H]2NC(=O)c2cc(-c3ccccc3Cl)on2)C1,129.195
